Symbol,Name,Last,Industry,20D Avg Vol,Market Cap
AAON,Aaon Inc,72.33,Building Prdcts - Air Heating,190271,3632377000
AAT,American Assets Trust,33.41,REIT - Equity Trust Retail,423200,1955696000
AAWW,Atlas Air Ww,58.27,Transportation - Air Freight,521994,1586482000
AB,Alliancebernstein Holding LP,39.55,Finance - Investment Mgmt,561297,3932920000
ABCB,Ameris Bancorp,54.94,Banks - Southeast,559350,3595822000
ABG,Asbury Automotive Group Inc,199.29,Retail - Wsale Auto & Trucks,196379,3505894000
ABM,ABM Industries Inc,52.49,Building - Maint & Service,465804,3351816000
ABR,Arbor Realty Trust,15.4,REIT - Equity Trust Other,1506917,1983991000
ACA,Arcosa Inc,64.44,Building & Construction - Misc,344183,2760542000
ACB,Aurora Cannabis Inc,9.11,Medical Products,12025244,1773901000
ACCD,Accolade Inc,41.81,Technology Services,1295283,2107730000
ACLS,Axcelis Tech Inc,39.19,Electrical - Manufacturing,432668,1227845000
ACMR,Acm Research Inc,83.36,Containers - Paper Products,343385,1420137000
ACRS,Aclaris Therapts,23.02,Medical - Drugs,574662,1166626000
ADCT,Adc Therapeutics Sa,25.11,Medical - Biomedical,472474,1723678000
ADNT,Adient Plc,41.83,Auto - Truck Original Parts,1198784,3482406000
ADUS,Addus Homecare Corp,107.6,Medical - Outpatient & Hm Care,108961,1669327000
ADX,Adams Diversified Equity Fund,18.19,Finance - Investment Funds,167744,1985522000
AEIS,Advanced Energy,111.05,Semi-Eqpt Wafer Fabrication,286189,3907827000
AEL,American Equity Investment Life,30.7,Insurance - Life,934848,2722732000
AETUF,Arc Energy Trust Uni,6.1,Oil - C$ Exploration & Product,44003,2085060000
AFIN,American Finance Trust Inc Cl A,9.95,REIT - Equity Trust Other,701543,1044835000
AFLYY,Air France Ads,5.92,Transportation - Airline,66978,2528941000
AFYA,Afya Ltd Cl A,19.34,Schools,163753,1719495000
AG,First Majestic Silver,15.83,Mining - Silver,4831705,3458236000
AGI,Alamos Gold Inc,7.93,Mining - Gold,3306142,3055805000
AGIO,Agios Pharmaceuticals,49.64,Medical Products,815774,3338064000
AGM,Federal Agricultural Mortgage Corp,101.2,Finance - Mortgage & Rel Svs,67489,1026028000
AGO,Assured Guaranty Ltd,42.59,Insurance - Multi Line,743419,3217809000
AGYS,Agilysys Inc,48.34,Computer - Integrated Systems,224550,1114295000
AHCO,Adapthealth Corp Cl. A,35.25,Medical Products,1577821,3204324000
AHH,Armada Hoffler Properties Inc,12.68,REIT - Equity Trust Resident,303493,1013898000
AIMC,Altra Indtl Mtn,55.74,Machinery - General Industrial,368362,3489209000
AIN,Albany International Corp,83.28,Textile - Products,175793,2594012000
AIR,AAR Corp,42.88,Aerospace - Defense Equipment,307112,1437090000
AIT,Applied Industrial Technologies,92.63,Machinery - General Industrial,173499,3445564000
AJRD,Aerojet Rocketdyne Holdings,47.23,Aerospace - Defense Equipment,1098014,3761033000
AKBTY,Akbank Turk Ano ADR,1.23,Banks - Foreign,60414,3406000000
AKR,Acadia Realty Trust,19.59,REIT - Equity Trust Retail,787909,1631127000
AKRO,Akero Therapeutics Inc,29.29,Medical - Biomedical,312956,1037537000
ALE,Allete Inc,67.62,Utility - Electric Power,438770,3505910000
ALEC,Alector Inc,16.35,Medical - Biomedical,814769,1354520000
ALEX,Alexander and Baldwin Inc,16.81,REIT - Equity Trust Other,557367,1219670000
ALG,Alamo Group,153.18,Machinery - Farm,35955,1742966000
ALGT,Allegiant Travel Com,250.47,Transportation - Airline,197598,3852835000
ALKS,Alkermes Plc,19.52,Medical - Biomedical,1187275,3093198000
ALVR,Allovir Inc,21.6,Medical - Drugs,641373,1401103000
ALX,Alexander's Inc,288.36,REIT - Equity Trust Other,10619,1440049000
ALXO,Alx Oncology Holdings Inc,65.8,Medical - Biomedical,390398,2521580000
AMBA,Ambarella Inc,98.27,Electronics - Semiconductors,852846,3455649000
AMCX,Amc Networks Cl A,54.01,Broadcast - Radio & TV,953989,2508744000
AMEH,Apollo Medical Holdings Inc,26.41,Medical Services,73979,1420302000
AMK,Assetmark Financial Holdings Inc,23.55,Finance - Investment Mgmt,102622,1649891000
AMN,Amn Healthcare Services Inc,75.42,Medical Services,315478,3420078000
AMRC,Ameresco Inc,43.33,Other Alt Energy,967688,2064532000
AMRN,Amarin Corp Ads,6.06,Medical - Biomedical,5977351,2274066000
AMRX,Amneal Pharmaceuticals Inc,6.85,Medical - Drugs,3558167,1927849000
AMSF,Amerisafe Inc,65.04,Insurance - Accident & Health,79407,1235250000
AMTI,Applied Molecular Transport Inc,49.2,Medical - Biomedical,241921,1750163000
AMWD,Amer Woodmark Cp,97.12,Furniture,114433,1553381000
ANAT,Amer Natl Insurance,109.71,Insurance - Multi Line,43799,2890889000
ANF,Abercrombie & Fitch Company,33.56,Retail - Apparel & Shoes,1648499,1948471000
ANNX,Annexon Inc,27.5,Medical - Biomedical,255119,1141687000
AOMOY,Ao Mosenergo ADR,1.69,Utility - Electric Power,1635,1338784000
APAM,Artisan Partners Asset Mgmt,52.84,Finance - Investment Mgmt,717003,3505716000
APELY,Alps Electric Ltd Ad,26.59,Computers - Peripheral Equpt,1611,2855312000
APEMY,Aperam,44.31,Steel - Producers,988,3489106000
APG,Api Group Corp,19.72,Business Services,1112926,3209107000
APLE,Apple Hospitality REIT Inc,14.98,REIT - Equity Trust Other,2133114,3270056000
APLS,Apellis Pharmaceuticals Inc,41.49,Medical - Biomedical,690491,3279300000
APPH,Appharvest Inc,17.96,Technology Services,3308750,1888974000
APSG,Apollo Strategic Growth Capital Cl A,9.89,Unclassified,692946,1008694000
AQUA,Evoqua Water Technologies Corp,26.04,Technology Services,1512459,2945808000
AR,Antero Resources Corp,10.47,Oil - US Exploration & Product,8431236,2746853000
ARCAY,Arcadis NV NY Reg #,39.6,Engineering & R&D Services,485,3595070000
ARCB,Arcbest Corp,70.72,Transportation - Truck,321116,1655500000
ARCO,Arcos Dorados Holdings Inc,5.03,Retail - Restaurants,1239441,1034865000
ARCT,Arcturus Therapeutics Ltd,40.83,Medical - Biomedical,784091,1045944000
ARGO,Argo Group Intl Hlds,50.79,Insurance - Proprty & Casualty,189250,1736044000
ARI,Apollo Commercial Real Estate,14.51,REIT - Mortgage Trusts,1092458,1955089000
ARKO,Arko Corp,9.85,Consumer Prdts - Misc Staple,1091002,1218150000
ARNC,Arconic Corp,25.79,Metal Products - Distribution,1333974,2728926000
AROC,Archrock Inc,9.83,Oil - Field Services,1243803,1445374000
ARQT,Arcutis Biotherapeutics Inc,28.13,Medical - Biomedical,208605,1425920000
ARRY,Array Technologies Inc,28.46,Solar,4326017,3511384000
ARVN,Arvinas Inc,59.98,Medical - Biomedical,473001,3029700000
ASB,Associated Banc-Corp,22.2,Banks - Midwest,1684336,3211304000
ASO,Academy Sports and Outdoors Inc,24.65,Leisure & Recreational Prdcts,1370001,2470746000
ASTE,Astec Inds Inc,76.29,Machinery - Construct & Mining,168230,1556679000
ATCO,Atlas Corp,14.28,Finance - Investment Mgmt,764976,3440531000
ATEC,Alphatec Holdings,16.33,Medical Instruments,945285,1587102000
ATGE,Adtalem Global Education Inc,40.92,Schools,510901,1932935000
ATI,Allegheny Technologies Inc,22.23,Steel - Specialty,1465880,2530219000
ATKR,Atkore Inc,72.19,Wire & Cable Products,564576,3120145000
ATRA,Atara Biotherap,14.8,Medical - Biomedical,1005721,1185661000
ATRC,Atricure Inc,63.4,Medical Products,389895,2791346000
ATRI,Atrion Corp,642.03,Medical - Dental Suppliers,13976,1181117000
ATSG,Air Transport,29.27,Transportation - Air Freight,580494,1707671000
AUB,Atlantic Union Bancshares Corp,39.5,Banks - Northeast,335293,2898227000
AUPH,Aurinia Pharm Ord,12.52,Medical - Drugs,3886189,1567647000
AVA,Avista Corp,48.27,Utility - Electric Power,588545,3215927000
AVAV,Aerovironment Inc,118.81,Aerospace - Defense Equipment,290197,2764699000
AVNS,Avanos Medical Inc,44.66,Medical Instruments,251724,2103018000
AVO,Mission Produce Inc,20.2,Agriculture Operations,157012,1397615000
AVT,Avnet Inc,41.4,Electronics - Parts Distrib,829337,3846920000
AVYA,Avaya Holdings Corp,28.69,Communication Network Software,916291,2293908000
AWCMY,Alumina Ltd ADR,5.3,Mining - Misc,22282,3606459000
AWF,Alliancebernstein Global High Income Fund,11.85,Finance - Investment Funds,184319,1020101000
AWR,American States Water Company,75.43,Utility - Water Supply,240737,2739307000
AX,Axos Financial Inc,48.32,Finance - Misc Services,380680,2699365000
AXL,American Axle & Manufacturing,9.61,Auto - Truck Original Parts,2151565,1043456000
AXNX,Axonics Modulation Technologies Inc,56.55,Medical Information Systems,639478,2267986000
AXSM,Axsome Thera,59.24,Medical - Biomedical,343070,2185948000
AY,Atlantica Yield Plc,33.51,Utility - Electric Power,1252565,3515876000
AZRE,Azure Power Global Ltd,26.91,Solar,382740,1270724000
AZZ,Azz Inc,50.42,Machinery - Electrical,151112,1248162000
B,Barnes Group,50.52,Machinery - General Industrial,274683,2488892000
BAFYY,Balfour Beatty,8.29,Building - Heavy Construction,2959,2802863000
BALY,Bally's Corp,69.85,Hotels & Motels,497477,2105163000
BAND,Bandwidth Inc,114.95,Communications Infrastructure,713342,2901017000
BANF,Bancfirst Corp,72.93,Banks - Southwest,107982,2299167000
BANR,Banner Corp,55.96,Finance - Savings & Loan,218144,1837577000
BATRK,Liberty Braves CS C,28.58,Real Estate Operations,225262,1150101000
BBBY,Bed Bath & Beyond,29.26,Retail - Misc & Diversified,4165038,3344322000
BBU,Brookfield Business Partners LP,40.3,Business Services,29128,3183734000
BCAB,Bioatla Inc,57.37,Medical - Biomedical,430402,2059472000
BCC,Boise Cascade L.L.C.,59.15,Building Products - Wood,395246,2137739000
BCO,Brink's Company,79.43,Outsourcing,340608,3750534000
BCRX,Biocryst Pharma Inc,10.35,Medical - Drugs,7493068,1869307000
BDC,Belden Inc,43.84,Wire & Cable Products,411592,1841947000
BDN,Brandywine Realty Trust,13.29,REIT - Equity Trust Other,2071723,2175622000
BECN,Beacon Roofing Suppl,52.03,Building Prds Retail - Wsale,466152,3497418000
BFLY,Butterfly Network Inc,17.97,Medical Information Systems,3674520,3535021000
BFT,Foley Trasimene Acquisition Corp II Cl A,14.55,Unclassified,7112659,2701172000
BGCP,Bgc Partners Cl A,4.51,Finance - Investment Brokers,3464193,1556020000
BGS,B&G Foods Holdings,33.44,Food - Misc & Diversified,1836969,2041726000
BH.A,Biglari Holdings Inc Cl A,699.56,N/L,249,1638410000
BHE,Benchmark Electronics,30.11,Electronic Manufacturing,274468,1053846000
BHF,Brighthouse Financial Inc,43.24,Insurance - Life,972691,3623607000
BHLB,Berkshire Hills Bancorp,22.83,Finance - Savings & Loan,346117,1096253000
BIF,Boulder Growth & Income Fund Inc,12.51,Finance - Investment Funds,102073,1211682000
BIG,Big Lots,70.03,Retail - Discount,1013008,2360567000
BIGC,Bigcommerce Holdings Inc,54.48,Internet Commerce,2052607,3697825000
BIPC,Brookfield Infrastructure Partners LP Cl A,74.69,Finance - Misc Services,217272,3225521000
BJRI,Bj's Restaurants Inc,59.84,Retail - Restaurants,311356,1255862000
BKD,Brookdale Senior Living Inc,6.09,Medical - Nursing Homes,2031803,1034726000
BKE,Buckle Inc,41,Retail - Apparel & Shoes,473784,1895291000
BKU,BankUnited Inc,45.18,Banks - Major Regional,824232,3944778000
BLFS,Biolife Solutions,35.72,Medical Products,391377,1275395000
BLI,Berkeley Lights Inc,44.78,Medical - Biomedical,1627918,3060130000
BLKB,Blackbaud Inc,73.25,Computer - Software,364253,3332967000
BLMN,Bloomin' Brands Inc,29.21,Retail - Restaurants,2052738,2312246000
BLNK,Blink Charging Company,35.83,Electronic Misc Services,5485221,1261306000
BLUE,Bluebird Bio,29.98,Medical - Biomedical,2021348,1898747000
BMI,Badger Meter,96.08,Industrial Controls,216274,2711588000
BNGO,Bionano Genomics Inc,7.75,Medical - Biomedical,28082338,1138172000
BNL,Broadstone Net Lease Inc Cl A,18.49,REIT - Equity Trust Resident,606157,2691700000
BNR,Burning Rock Biotech Limited ADR,25.47,Technology Services,424228,2667789000
BOH,Bank of Hawaii Corp,93.14,Banks - West,336328,3600256000
BOLT,Bolt Biotherapeutics Inc,26.38,Medical - Biomedical,392176,1011494000
BOOT,Boot Barn Holdings Inc,63.3,Retail - Apparel & Shoes,437329,1644293000
BOSSY,Hugo Boss,8,Textile - Apparel,4336,2956800000
BOWFF,Boardwalk Real Estat,29.11,REIT - Equity Trust Resident,4103,1513882000
BOX,Box Inc,23.25,Internet - Software,5075583,3647203000
BPFH,Boston Pvt Finl Hld,13.37,Banks - Northeast,972535,1082319000
BPMP,BP Midstream Partners LP,12.6,Oil Gas Prod Pipeline MLP,421923,1309737000
BPOSY,Bpost S.A.,9.5,Consumer Services - Misc,595,1886200000
BRC,Brady Corp,55.41,Protection - Safety,204601,2757845000
BRFS,Brf-Brasil Foods S.A.,4.29,Food - Misc & Diversified,4135008,3501759000
BRKL,Brookline Bancorp,15.49,Finance - Savings & Loan,374951,1168204000
BRMK,Broadmark Realty Capital Inc,10.5,REIT - Mortgage Trusts,886833,1365368000
BRMSY,Brmall ADR [Brazil],3.77,Real Estate Operations,27510,1571656000
BROG,Brooge Holdings Ltd,10.96,Utility - Gas Distribution,3136,1201084000
BRP,Brp Group Inc Cl A,26.86,Insurance - Life,278492,2541447000
BSIG,Brightsphere Investment Group Plc,19.59,Finance - Investment Mgmt,474227,1490338000
BSM,Black Stone Minerals LP,8.85,E&P MLP,423025,1817723000
BTGGF,Bitcoin Group Se,62.55,Medical Instruments,N/A,3884255000
BTRS,Btrs Holdings Inc,14.41,Technology Services,1425082,2139709000
BTVCY,Britvic Plc ADR,23.59,Beverages - Soft,3584,3043103000
BUR,Burford Capital Limited,8.09,Finance - Misc Services,221676,1837830000
BUSE,First Busey Corp,26.02,Banks - Midwest,190222,1335074000
BV,Brightview Holdings Inc,17.21,Consumer Services - Misc,266366,1717067000
BVN,Compania Mina Buenaventura S.A.,10.26,Mining - Silver,929419,2590698000
BVNRY,Bavarian Nordic,15.84,Medical - Biomedical,1575,3060311000
BWMX,Betterware DE Mexico Da DE Cv,38.05,Consumer Prdts - Misc Discr,56640,1271586000
BXS,Bancorpsouth Inc,33.44,Banks - Southeast,522584,3255191000
BYPLF,Bodycote Plc,11.25,Machinery - Thermal Processing,N/A,2153880000
BZUN,Baozun Inc Ads,35.13,IT Services,1021934,2266139000
CADE,Cadence Bancorp Cl A,21.22,Banks - Southeast,1065415,2472981000
CAKE,Cheesecake Fact,62.01,Retail - Restaurants,757663,2516818000
CALM,Cal-Maine Foods IN,40.51,Agriculture Products,363313,1962425000
CALX,Calix Inc,38.46,Internet - Software,1016396,2366306000
CAMT,Camtek Ltd,29.49,Electronics - Measuring Inst,393851,1219648000
CAN,Canaan Inc ADR,17.4,Computer - Software,23064094,2801349000
CANG,Cango Inc ADR,8.43,Internet - Services,1164829,1207784000
CARG,Cargurus Inc Cl A,24.07,Auto - Truck Replacement Parts,1277724,2710928000
CASH,Meta Financial Group,46.12,Finance - Savings & Loan,264329,1420246000
CATM,Cardtronics Inc,38.8,Financial Transaction Services,490807,1749241000
CATY,Cathay Genl Bncp,41.89,Banks - West,452320,3214987000
CBD,Companhia Brasileira DE Distribuicao,5.49,Retail - Supermarket,4202346,1347593000
CBRL,Cracker Barrel,172.03,Retail - Restaurants,290625,3795051000
CBT,Cabot Corp,52.56,Chemical - Diversified,244023,2849534000
CBZ,Cbiz Inc,32.78,Consulting,238619,1689812000
CCCC,C4 Therapeutics Inc,37.32,Medical - Biomedical,316775,1632485000
CCF,Chase Corp,115.58,Paint & Related Products,24789,1061396000
CCOI,Cogent Comm Hlds,68.09,Wireless National,356019,3031670000
CCS,Century Communities Inc,61.15,Building - Residential & Comm,438930,1890505000
CCU,Compania Cervecerias Unidas S.A.,18.33,Beverages - Alcohol,379483,3379096000
CCXI,Chemocentryx Inc,50.87,Medical - Drugs,485891,3598295000
CDE,Coeur Mining Inc,9.21,Mining - Non Ferrous,4298394,2179996000
CDEV,Centennial Resource Development Inc,4.26,Oil - US Exploration & Product,13554316,1179815000
CDLX,Cardlytics Inc,113.98,Technology Services,709003,3225422000
CDMO,Avid Bioservices Inc,16.85,Medical - Biomedical,1226938,1042609000
CDNA,Caredx Inc,61.51,Medical Services,1004924,3193334000
CDXS,Codexis Inc,20.7,Medical - Biomedical,740115,1307984000
CELH,Celsius Holdings Inc,43.49,Food - Misc & Diversified,1940384,3176319000
CELTF,Centamin Egypt Lmtd,1.45,Mining - Misc,9432,1687694000
CENT,Central Garden,56.7,Consumer Prdts - Misc Discr,91531,2904595000
CENTA,Central Garden & Pet,50.62,Consumer Prdts - Misc Discr,261758,2603929000
CENX,Century Aluminum C,18.53,Metal Production & Fabrication,1676760,1412979000
CEQP,Crestwood Equity Partners LP,26.99,Oil Gas Prod Pipeline MLP,560292,1772965000
CERE,Cerevel Therapeutics Hldg Inc,12.6,Medical - Drugs,274222,1589050000
CERT,Certara Inc,28.17,Medical - Biomedical,1245354,3919322000
CEVA,Ceva Inc,52.84,Electronics - Semiconductors,343680,1217156000
CFFN,Capitol Fed Finl Inc,13.68,Finance - Savings & Loan,695986,1830877000
CGEM,Cullinan Management Inc,39.63,Medical - Biomedical,477419,1559048000
CHCO,City Holding Company,83.08,Banks - Southeast,72755,1268160000
CHCT,Community Healthcare Trust Inc,48.11,REIT - Equity Trust Other,120156,1114590000
CHEF,The Chefs Warehouse,30.25,Food - Misc & Diversified,400788,1063942000
CHRS,Coherus Bio,14.53,Medical - Biomedical,1298628,1056969000
CHRYY,Chorus Ltd ADR,25.01,Wireless Non-US,530,2438968000
CHYCY,Chiyoda Corp,4.33,Engineering & R&D Services,2665,1121340000
CIG,Comp En DE MN Cemig ADR,2.14,Utility - Electric Power,8478322,3189285000
CIGI,Colliers Intl Grp IN,102.96,Real Estate Operations,69301,3984624000
CIM,Chimera Investment Corp,12.86,REIT - Mortgage Trusts,2351003,2898127000
CIOXY,Cielo S.A.,0.65,Finance - Misc Services,288550,1818223000
CIXX,CI Financial Corp OR,14.8,Finance - Misc Services,63135,3082750000
CLB,Core Laboratories N.V.,30.66,Oil - Field Services,601964,1358531000
CLBK,Columbia Financial Inc,17.87,Finance - Misc Services,240329,1918181000
CLDR,Cloudera Inc,12.13,Internet - Software,6303062,3624831000
CLI,Mack-Cali Realty Corp,16.18,REIT - Equity Trust Other,717343,1377266000
CLM,Cornerstone Strategic Value Fund,13.36,Finance - Investment Funds,796153,1031484000
CLNC,Colony Northstar Credit Real Estate Inc Class,8.71,REIT - Mortgage Trusts,448000,1094398000
CLNE,Clean Energy Fuels,13.5,Utility - Gas Distribution,7109865,2603832000
CLNY,Colony Capital Inc,6.23,REIT - Equity Trust Other,3823520,2986871000
CLS,Celestica Inc,8.27,Electronic Manufacturing,316810,1050475000
CMBM,Cambium Networks Corp,45.87,Wireless National,315853,1085801000
CMC,Commercial Metals Company,31.74,Steel - Producers,1717693,3365506000
CMCO,Columbus Mckinnon,52.16,Machinery - Material Handling,122392,1199080000
CMD,Cantel Medical,80.5,Medical Instruments,527177,3305279000
CMP,Compass Minerals Intl Inc,64.97,Chemical - Diversified,287655,2121676000
CMPR,Cimpress N.V. Ord,100.15,Consumer Services - Misc,83302,2459717000
CMPS,Compass Pathways Plc ADR,34.75,Medical Services,382684,1275515000
CMRE,Costamare Inc,10.11,Transportation - Ship,749364,1172736000
CNDT,Conduent Inc,6.77,Outsourcing,2377042,1311087000
CNK,Cinemark Holdings Inc,20.57,Leisure & Recreation Services,4235602,2371680000
CNMD,C O N M E D Cp,129.22,Medical - Dental Suppliers,247388,3498341000
CNNE,Cannae Holdings Inc,39.67,Finance - Investment Mgmt,1239303,3560641000
CNO,Cno Financial Group,25,Insurance - Multi Line,1229299,3207220000
CNR,Cornerstone Building Brands Inc,13.08,Building - CMT & CNT & AG,1351865,1554501000
CNS,Cohn & Steers Inc,65.09,Finance - Investment Mgmt,163292,3106430000
CNST,Constellation Pharmaceuticals Inc,24.2,Medical - Biomedical,421009,1120811000
CNX,CNX Resources Corp,15.62,Oil - US Exploration & Product,4157640,3036351000
CNXN,PC Connection Inc,46.75,Retail - Wholesale Computers,66782,1180492000
CODI,Compass Diversified Holdings,23.47,Finance - Investment Funds,205142,1499190000
COHU,Cohu Inc,40.83,Electrical - Manufacturing,1070516,1675830000
COKE,Coca Cola Bot Cons,297.56,Beverages - Soft,29774,2646758000
COLB,Columbia Banking Sys,45.11,Banks - West,427743,3108873000
COMM,Commscope Holding Company,15.78,Communications Infrastructure,2720838,2938187000
COOP,Mr.Cooper Group Inc,34.77,Finance - Consumer Loans,1116603,3024541000
CORE,Core Mark Holding,38.96,Business Services,245061,1671934000
CORT,Corcept Therapeutics,24.48,Medical - Drugs,569149,2774429000
CPA,Copa Holdings S.A.,80.17,Transportation - Airline,498078,3346882000
CPCAY,Cathay Pacific Airwa,4.67,Transportation - Airline,36906,3619137000
CPE,Callon Petroleum Company,38.32,Oil - US Exploration & Product,3591456,1679544000
CPG,Crescent Pt Energy,4.18,Oil - C$ Exploration & Product,6553421,2169193000
CPK,Chesapeake Utilities Corp,117.58,Utility - Gas Distribution,64445,2047209000
CPKPY,C. P. Pokphand CO Ltd,3.06,Agriculture Operations,3743,3033050000
CRC,California Resources Corp,24.35,Oil - US Exploration & Product,354570,1957187000
CRHC,Cohn Robbins Holdings Corp Cl A,9.92,Unclassified,1000579,1008090000
CRI,Carter's Inc,90.53,Shoes and Related Apparel,776733,3827325000
CRK,Comstock Resources,5.72,Oil - US Exploration & Product,2859795,1264316000
CRNC,Cerence Inc,89.03,IT Services,625891,3440934000
CRNCY,Cairn Energy Plc,4.935,International E&P,2741,1185624000
CRON,Cronos Group Inc,9.29,Medical - Drugs,3862036,3335999000
CRS,Carpenter Technology Corp,41.02,Steel - Specialty,495737,1786087000
CRSR,Corsair Gaming Inc,31.97,Gaming,1693364,2831260000
CRTO,Criteo S.A. Ads,32.74,Internet Software Services,1094592,1924301000
CRVL,Corvel Cp,105.33,Business Services,47024,1837041000
CSFFF,Capstone Mining Corp,3.06,Mining - Misc,98452,1224809000
CSGS,C S G Sys Intl,48.66,Computer - Services,188992,1547931000
CSII,Cardiovascular Syst,39.07,Medical Products,180319,1566684000
CSIQ,Canadian Solar Inc,46.84,Solar,2658448,2671147000
CSOD,Cornerstone Ondemand,43.93,Computer - Software,616846,2814230000
CSTL,Castle Biosciences Inc,59.97,Medical - Biomedical,414743,1538645000
CSTM,Constellium N.V.,15.09,Metal Products - Distribution,1461749,2016867000
CSVI,Computer Services IN,59.75,Computer - Services,20933,1637737000
CSWI,Csw Industrials Inc,135.7,Chemical - Specialty,66445,2058238000
CTB,Cooper Tire & Rubber Company,55.89,Rubber Tires,833547,2763948000
CTRE,Caretrust REIT Inc,23.79,REIT - Equity Trust Other,668143,2240263000
CUB,Cubic Corp,74.8,Electronics Products - Misc,498518,2377999000
CUK,Carnival Plc ADR,22.08,Leisure & Recreation Services,2148365,3923071000
CVA,Covanta Holding Corp,13.99,Other Alt Energy,1055759,1768559000
CVBF,Cvb Financial Corp,23.13,Banks - West,641927,3008250000
CVCO,Cavco Inds Inc,230.84,Building - Mobile Homes & RV,42815,1996268000
CVGW,Calavo Growers Inc,77.7,Agriculture Operations,103925,1327500000
CVLT,Commvault Systems,64.73,Computer - Software,334063,2949125000
CWH,Camping World Holdings Inc,36.06,Leisure & Recreation Services,1544094,3071954000
CWK,Cushman & Wakefield Plc,16.57,Real Estate Operations,1189398,3450440000
CWST,Casella Waste Sys,66.19,Pollution Controls,245498,3268738000
CWT,California Water Service Group Holding,56.06,Utility - Water Supply,265141,2766622000
CWYUF,Calloway Real Estate Investment Trust,21.72,REIT - Equity Trust Retail,7335,3713085000
CXP,Columbia Property Trust Inc,17.78,REIT - Equity Trust Other,1164612,1979245000
CXW,Corecivic Inc,8.92,REIT - Equity Trust Other,2190818,1018119000
CYDY,Cytodyn Inc,2.12,Medical - Drugs,5268240,1341590000
CYH,Community Health Systems,13.06,Medical - Hospitals,3495197,1526865000
CYRBY,Cyrela Brazil Rly Ad,4.15,Real Estate Developers,6142,1686916000
CYRX,Cryoport Inc,51.77,Transportation - Services,633231,2279794000
CYTK,Cytokinetics,23.87,Medical - Biomedical,1164899,1592886000
DAN,Dana Inc,24.5,Auto - Truck Original Parts,1271964,3278469000
DAO,Youdao Inc ADR,24.96,Technology Services,632517,3563214000
DBD,Diebold Nixdorf Inc,14.02,Financial Transaction Services,846859,1060094000
DBI,Designer Brands Inc,15.75,Retail - Apparel & Shoes,2012665,1032324000
DCBO,Docebo Inc,40.48,Internet - Software,99996,1287946000
DCPH,Deciphera Pharmaceuticals Inc,43.78,Medical - Biomedical,418014,2475037000
DDD,3D Systems Corp,27,Computer - Mini,5397630,3059780000
DDS,Dillard's,94.29,Retail - Regional Dept Stores,317058,1900406000
DEA,Easterly Government Properties,21.04,REIT - Equity Trust Other,717456,1706641000
DENN,Dennys Corp,19.04,Retail - Restaurants,554428,1118689000
DFH,Dream Finders Homes Inc Cl A,23.24,Building - Residential & Comm,217663,2003782000
DHC,Diversified Healthcare Trust,4.91,REIT - Equity Trust Other,1390697,1115094000
DIN,Dineequity Inc,92.69,Retail - Restaurants,477373,1368552000
DIOD,Diodes Inc,80.45,Electronics - Semiconductors,525722,3444332000
DIPGY,Datang International Power Generation Co.Ltd,3.5,Utility - Electric Power,1580,3331210000
DK,Delek US Holdings,23.28,Oil - Refining and Marketing,921986,1629844000
DKL,Delek Logistics Partners LP,36.85,Oil Gas Prod Pipeline MLP,60398,1534841000
DLX,Deluxe Corp,40.93,Business Office Products,287773,1601484000
DMTK,Dermtech Inc,45.95,Medical Services,1837974,1485823000
DNACF,Dena CO Ltd Tokyo,19.975,Internet - Services,220,2903367000
DNMR,Danimer Scientific Inc,38.67,Industrial Services,2749317,3445287000
DNOW,Now Inc,10.39,Oil Field Machinery & Equip,713570,1079729000
DNP,Duff & Phelps Utilities Income,9.92,Finance - Investment Funds,1150930,3040449000
DOC,Physicians Realty Trust,18.04,REIT - Equity Trust Other,2299691,3775843000
DOMO,Domo Inc Cl B,61.61,Internet - Software,655997,1711585000
DOOR,Masonite Worldwide Hld,119.48,Building Products - Wood,154305,2701533000
DORM,Dorman Products Inc,105.22,Auto - Truck Replacement Parts,165642,3263390000
DOYU,Douyu International Holdings Ltd Ads,10.55,Gaming,2532903,3695468000
DPMLF,Dundee Precious Metl,6.16,Mining - Gold,95732,1109515000
DPUKY,Dominos Pizza UK & I,9.76,Food Items - Wholesale,5408,2312072000
DRH,Diamondrock Hospitality Company,10.64,REIT - Equity Trust Other,2795260,2136453000
DRNA,Dicerna Pharmaceutic,24.09,Medical - Biomedical,904465,1748514000
DRQ,Dril-Quip,34.11,Oil Field Machinery & Equip,285756,1175180000
DSP,Viant Technology Inc,44.94,Technology Services,497082,2787084000
DVAX,Dynavax Technologies,10.16,Medical - Biomedical,3489434,1088390000
DY,Dycom Industries,88.15,Building - Heavy Construction,485925,2611238000
EAF,Graftech International Ltd,11.68,Metal Production & Fabrication,4399853,2998377000
EAR,Eargo Inc,47.68,Medical Instruments,256389,1936578000
EAT,Brinker International,73.11,Retail - Restaurants,826174,3013088000
EB,Eventbrite Inc,22.66,Internet - Services,2287283,1994986000
EBC,Eastern Bankshares Inc,19.46,Banks - Northeast,1254735,3516653000
ECOL,US Ecology Inc,42.46,Waste Removal Svcs,191461,1273230000
ECPG,Encore Capital Group,41.65,Finance - Consumer Loans,475671,1251959000
EDIT,Editas Medicine,40.48,Medical - Biomedical,2206839,2761209000
EFSC,Enterprises Finl Svc,50.14,Banks - Midwest,180103,1483049000
EGBN,Eagle Bancorp Inc,55,Banks - Northeast,154185,1664476000
EGHT,8X8 Inc,32.67,Internet - Software,1207297,3330991000
EGO,Eldorado Gold Corp,10.91,Mining - Gold,2101088,1892883000
EGOV,Nic Inc,33.89,Internet - Software,1018549,2271796000
EH,Ehang Holdings Ltd Ads,34.81,Auto - Truck Original Parts,3189687,1943974000
EHTH,Ehealth Inc,70.04,Insurance - Brokers,959096,1740104000
EIG,Employers Holdings Inc,42.91,Insurance - Accident & Health,239006,1157585000
ELF,E.L.F. Beauty Inc,27.11,Cosmetics & Toiletries,730542,1339440000
ELP,Companhia Paranaense DE Energia,1.23,Utility - Electric Power,15192572,3283800000
ELPVY,Companhia Paranaense DE Energia,1.22,Utility - Electric Power,5494,3174340000
ELY,Callaway Golf Company,27.63,Leisure & Recreational Prdcts,1936445,2463486000
ENBL,Enable Midstream Partners LP,6.8,Oil Gas Prod Pipeline MLP,1237476,2835528000
ENDP,Endo Int'l Plc,7.75,Medical - Drugs,3328292,1804823000
ENLC,Enlink Midstream Llc,4.49,Oil - Refining and Marketing,2403430,2077804000
ENR,Energizer Holdings Inc,48.19,Consumer Prdts - Misc Staple,639331,3144198000
ENS,Enersys Inc,93.7,Machinery - Electrical,295025,3875553000
ENV,Envestnet Inc,74.4,Financial Transaction Services,789153,3893718000
ENVA,Enova International Inc,35.55,Finance - Consumer Loans,512612,1230560000
EPAC,Actuant Corp,26.26,Machinery - Tools & Related,323999,1409962000
EPAY,Bottomline Tech IN,46.67,Computer - Software,329378,1963772000
EPC,Edgewell Personal Care,38.53,Consumer Prdts - Misc Staple,1441979,2011542000
EPR,Entertainment Properties Trust,47.14,REIT - Equity Trust Retail,692795,3349561000
EPRT,Essential Properties Realty Trust Inc,23.69,Real Estate Operations,1173642,2411384000
EQC,Equity Commonwealth,28.47,REIT - Equity Trust Other,928671,3437688000
EQX,Equinox Gold Corp,8.11,Mining - Gold,1459404,1989509000
ERF,Enerplus Corp,5.15,Oil - C$ Exploration & Product,2007861,1322173000
ERII,Energy Recovery Inc,18.82,Pollution Controls,579908,1010099000
ERJ,Embraer-Empresa Brasileira DE Aeronautica,9.26,Aerospace - Defense,5710746,1722427000
ERRPF,Ero Copper Corp,17.4586,Mining - Non Ferrous,2715,1592884000
ESE,Esco Technologies Inc,109.87,Machinery - Electrical,118716,2739198000
ESRT,Empire State Realty Trust Inc,11.23,REIT - Equity Trust Other,1879358,1882661000
ESTA,Establishment Labs Holdings Inc,58.05,Medical Services,123104,1522078000
ETRN,Equitrans Midstream Corp,8.63,Oil - US Integrated,4105681,3480127000
EURN,Euronav NV,9.56,Transportation - Ship,1720950,1986781000
EUTLF,Eutelsat Communicati,12.2,Satellite Communication,620,2871218000
EVA,Enviva Partners LP,48.32,Biofuels,136329,1929509000
EVH,Evolent Health Inc Cl A Com,20.61,Internet - Software,629959,1676211000
EVOP,Evo Payments Inc Cl A,27.75,Financial Transaction Services,371282,2279488000
EVRI,Everi Holdings Inc,14.46,Business Services,1160468,1182478000
EVTC,Evertec Inc,37.56,Financial Transaction Services,563070,2624731000
EXLS,Exlservice Holdings,94.93,Outsourcing,215023,2910985000
EXTR,Extreme Networks,8.86,Computer - Networks,1431908,1028259000
EYE,National Vision Holdings Inc,45.37,Medical Products,981776,3458199000
FARO,Faro Tech Inc,87.91,Computer - Integrated Systems,115294,1519361000
FAX,Aberdeen Asia-Pacific,4.11,Finance - Investment Funds,1112705,1013077000
FBC,Flagstar Bancorp,45,Finance - Savings & Loan,755352,2322617000
FBK,Fb Financial Corp,46.01,Banks - Northeast,156917,2071617000
FBNC,First Bancorp [Nc],45.19,Banks - Southeast,131966,1230328000
FBP,First Bancorp,11.27,Banks - Southeast,2610882,2372149000
FCF,First Commonwealth Financial Corp,14.64,Banks - Northeast,691329,1347986000
FCFS,First Cash Fin Svcs,68.46,Finance - Consumer Loans,255274,2704814000
FCPT,Four Corners Property Trust IN,28.25,REIT - Equity Trust Other,477184,2048881000
FDMT,4D Molecular Therapeutics Inc,38.1,Medical - Drugs,237088,1009360000
FDP,Fresh Del Monte Produce,28.73,Agriculture Operations,186600,1314684000
FELE,Franklin Electric Company,79.66,Machinery - Electrical,209178,3535438000
FFBC,First Finl Bncp [Oh],24.89,Banks - Midwest,486448,2264943000
FFG,Fbl Financial Group,56.22,Insurance - Multi Line,74050,1362328000
FFWM,First Foundation,23.91,Banks - Southwest,231320,1005522000
FFXDF,Fairfax India Ho-Sub,12.4215,Finance - Investment Mgmt,28526,1834009000
FGEN,Fibrogen Inc CS,31.91,Medical - Drugs,1553367,2858503000
FGETF,Flight Centre Travel Group Ltd,14.3,Leisure & Recreation Services,N/A,1353287000
FGROY,Firstgroup Plc Uns ADR,1.3,Transportation - Services,1598,1597622000
FHB,First Hawaiian Inc,28.19,Banks - West,754264,3529692000
FHI,Federated Investors,30.81,Finance - Investment Mgmt,706232,2911373000
FIBK,First Interstate Ban,47.07,Banks - Midwest,240458,2821839000
FINV,Finvolution Group,6.91,Finance - Misc Services,8615175,2060636000
FIX,Comfort Systems USA,75.07,Building Prdcts - Air Heating,279135,2565879000
FLGT,Fulgent Genetics Inc,95.23,Medical Information Systems,2149676,2893753000
FLOW,SPX Flow Inc,64.95,Machinery - Electrical,231411,2584576000
FLR,Fluor Corp,22.19,Engineering & R&D Services,2989236,2780517000
FLRAF,Essentra Plc,3.93,Rubber & Plastics,N/A,1034455000
FLWS,1-800-Flowers.com,26.18,Retail - Mail Order,753335,1664623000
FMBI,First Midwest Bncp,22.53,Banks - Midwest,924931,2464194000
FMCC,Freddie Mac,1.86,Finance - Mortgage & Rel Svs,1058596,1202611000
FMTX,Forma Therapeutics Holdings Inc,25.3,Medical - Biomedical,652195,1254236000
FN,Fabrinet,90.82,Electronics - Misc Components,181184,3153576000
FNB,F.N.B. Corp,13.02,Banks - Southeast,2638449,3945088000
FNMA,Fannie Mae,1.9,Finance - Mortgage & Rel Svs,2469128,2204000000
FOCS,Focus Financial Partners Inc Cl A,43.47,Finance - Investment Mgmt,679766,3098718000
FOE,Ferro Corp,17.25,Chemical - Specialty,546854,1360984000
FOLD,Amicus Therapeutics,9.59,Medical - Biomedical,3944095,2479284000
FOR,Forestar Group Inc,23.26,Real Estate Developers,137813,1095675000
FORM,Formfactor Inc,45.4,Electronics - Semiconductors,558270,3298155000
FORTY,Formula Sys [1985],94,Computer - Services,4582,1379157000
FPAFY,First Pacific CO Ltd,1.46,Conglomerates - Div Operations,241847,1243085000
FPH,Five Point Holdings Llc Cl A,7.7,Real Estate Developers,181045,1111420000
FPRX,Five Prime Thera,37.9,Medical - Biomedical,4257060,1756696000
FRG,Franchise Group Inc,34.24,Consumer Prdts - Misc Staple,210259,1357216000
FRHC,Freedom Holding Corp,51.9,Finance - Misc Services,800872,2971242000
FRME,First Merchants Corp,48.43,Banks - Midwest,207234,2463550000
FRO,Frontline Ltd,8.09,Transportation - Ship,2235305,1470829000
FRTA,Forterra Inc,23.32,Building - CMT & CNT & AG,978377,1545939000
FSK,FS KKR Capital Corp,19.5,Finance - SBIC & Commercial,670791,2361264000
FSKR,FS KKR Capital Corp II,19.18,Finance - SBIC & Commercial,678422,3185681000
FSM,Fortuna Silver Mines,6.68,Mining - Silver,3024315,1202800000
FSR,Fisker Inc,17.61,Auto - Domestic,17920076,1213534000
FSS,Federal Signal Corp,38.74,Conglomerates - Div Operations,289862,2210848000
FTAI,Fortress Transn & Infras Invs,29.24,Finance - Misc Services,590548,2392335000
FTI,Technipfmc Plc,8.04,Oil - Field Services,9074859,3414240000
FUBO,Fubotv Inc,21.88,Broadcast - Radio & TV,13251408,1814067000
FUL,H. B. Fuller Company,63.76,Chemical - Specialty,398387,3064051000
FULT,Fulton Financial Cor,17.58,Banks - Northeast,1050737,2701710000
FUN,Cedar Fair LP,49.45,Leisure & Recreation Services,489603,2678933000
FWRD,Foward Air Corp,87.73,Transportation - Truck,150935,2340240000
FXCNY,Foxconn Intl Hld ADR,3.06,Wireless Non-US,8843,1164214000
GAB,Gabelli Equity Trust,6.84,Finance - Investment Funds,695262,1699911000
GABC,German Amer Bncp Inc,47.5,Banks - Midwest,80675,1215117000
GATX,GATX Corp,93.11,Transportation - Equip & Lease,254874,3154121000
GB,Global Blue Group Holding Ag,12.27,Financial Transaction Services,11518,2055856000
GBDC,Golub Capital Bdc,15.08,Finance - SBIC & Commercial,642295,2455377000
GBIO,Generation Bio CO,28.68,Medical - Generic Drugs,652162,1682089000
GBNXF,Gibson Energy,17.3833,Oil - C$ Integrated,3680,2543687000
GBT,Global Blood Ther,40.1,Medical - Biomedical,856219,2490010000
GBX,Greenbrier Companies,46.76,Transportation - Equip & Lease,309003,1457714000
GCMG,Gcm Grosvenor Inc,12.76,Finance - Investment Mgmt,556678,2270024000
GCP,Gcp Applied Technologies Inc C,24.75,Building & Construction - Misc,282413,1723813000
GDOT,Green Dot Corp,47,Financial Transaction Services,532182,2563793000
GEAHF,Great Eagle Hld H $,3.35,Real Estate Operations,6385,2514607000
GEF,Greif Bros. Corp,58.1,Containers - Paper Products,205033,2648446000
GEF.B,Greif Bros. Corp Cl B,59.26,N/L,24298,2695523000
GEL,Genesis Energy LP,9.02,Oil Refining & Marketing MLP,1174767,1027204000
GES,Guess Inc,23.75,Textile - Apparel,664229,1398478000
GEVO,Gevo Inc,8.57,Other Alt Energy,21850574,1256673000
GFF,Griffon Corp,26.9,Conglomerates - Div Operations,229612,1417334000
GGAL,Grupo Fin Galicia,7.65,Banks - Foreign,692245,1091502000
GHC,Graham Holdings Company,571.82,Schools,18334,2862060000
GHG,Greentree Hospitality Group Ltd ADR,13.07,Hotels & Motels,17782,1328327000
GIII,G-III Apparel Gp,31.76,Textile - Apparel,666930,1423206000
GKOS,Glaukos Corp,85.58,Medical Instruments,374872,3748957000
GLNG,Golar Lng Ltd,10.97,Transportation - Ship,1924553,1082509000
GLUU,Glu Mobile Inc,12.5,Toys & Game & Hobby,2766136,2171290000
GMS,Gms Inc,40.48,Building Prds Retail - Wsale,365305,1655608000
GNCGY,Greencore Group Plc,8.63,Food - Misc & Diversified,505,1135958000
GNL,Global Net Lease Inc,18.25,REIT - Equity Trust Other,884488,1601348000
GNMK,Genmark Diagnostics,24.16,Medical Instruments,5270228,1748948000
GNW,Genworth Financial Inc,3.33,Insurance - Life,5800069,1669120000
GO,Grocery Outlet Holding Corp,37.06,Consumer Prdts - Misc Staple,1118973,3431858000
GOCO,Gohealth Inc Cl A,11.24,Insurance - Life,2708321,3349056000
GOL,Gol Linhas Aereas Inteligentes S.A.,7.26,Transportation - Airline,2886091,1307793000
GOLF,Acushnet Holdings Corp,42.22,Leisure & Recreational Prdcts,346272,3000032000
GPI,Group 1 Automotive,158,Retail - Wsale Auto & Trucks,188994,2632606000
GPRO,Gopro Inc Cl A,11.88,Audio & Video Products,8676552,1739450000
GRA,W.R. Grace & Company,60.88,Chemical - Specialty,395653,3885412000
GRBK,Green Brick Partners,22.61,Real Estate Developers,1306440,1064409000
GRCL,Gracell Biotechnologies Inc ADR,17.64,Medical - Biomedical,65258,1312571000
GRP.U,Granite Real Estate Invt TR,61.13,N/L,5946,3733357000
GRPN,Groupon Cl A,47.59,Internet Commerce,1809993,1308808000
GRWG,Growgeneration Corp,44,Agriculture Products,2772952,1689244000
GSAT,Globalstar,1.31,Satellite Communication,17469787,2231579000
GSBD,Goldman Sachs Bdc Inc,20.05,Finance - SBIC & Commercial,375781,2002378000
GSHHY,Guangshen Railway CO Ltd,9.65,Transportation - Rail,10618,1358615000
GSKY,Greensky Inc Cl A,6.35,Technology Services,1373232,1137486000
GT,Goodyear Tire Rubber,17.12,Rubber Tires,5264447,3803818000
GTH,Genetron Holdings Limited ADR,18.25,Medical - Biomedical,437007,1662973000
GTN,Gray Television,18.16,Broadcast - Radio & TV,656797,1730309000
GTN.A,Gray Television Inc Cl A,16.68,N/L,689,1690225000
GTY,Getty Realty Corp,28.68,REIT - Equity Trust Other,232625,1222431000
GVA,Granite Construction Inc,38.63,Building - Heavy Construction,390239,1612855000
GWB,Great Western Bancorp Inc,30.83,Banks - Northeast,510350,1625046000
GZTGF,Gazit-Globe Ltd,6.615,Real Estate Developers,1345,1220335000
HA,Hawaiian Hlds Inc,26.76,Transportation - Airline,983224,1212244000
HAYW,Hayward Hldgs Inc,16.02,Electronics Products - Misc,N/A,3874902000
HBM,Hudbay Minerals Inc,6.35,Mining - Misc,1454967,1606823000
HCAT,Health Catalyst Inc,47.17,Medical Information Systems,464042,2097720000
HCHDF,Hochschild Mining Plc,2.79,Mining - Silver,21596,1414686000
HCM,Hutchison China Ads,27.66,Medical Products,297313,3931144000
HCSG,Healthcare Svcs Gp,28.49,Business Services,560564,2053971000
HEES,H&E Equip Services,35.72,Machinery - Construct & Mining,235037,1191729000
HEP,Holly Energy Partners LP,18.86,Oil - Production & Pipeline,343979,1914791000
HGV,Hilton Grand Vacations Inc,37.06,Hotels & Motels,1068692,3086431000
HHR,Headhunter Group Plc ADR,34.11,Business Services,125715,1703000000
HI,Hillenbrand Inc,48.94,Funeral Services & Related,479661,3486963000
HIBB,Hibbett Sports Inc,70.43,Retail - Misc & Diversified,585352,1112065000
HIMS,Hims & Hers Health Inc,13.41,Medical Information Systems,2617770,2477738000
HIMX,Himax Technologies,12.26,Electronics - Semiconductors,3761244,1962898000
HKIB,Amtd International Inc,6.89,Finance - Investment Mgmt,319915,1756119000
HL,Hecla Mining Company,5.94,Mining - Silver,9956186,3061275000
HLG,Hailiang Edu Grp Ads,55.5,Schools,4574,1451156000
HLIO,Helios Technologies Inc,73.19,Machinery - General Industrial,122552,2229757000
HMN,Horace Mann Educators Corp,43.84,Insurance - Multi Line,284840,1748837000
HMPT,Home Point Capital Inc,9.59,Building - Residential & Comm,218136,1428869000
HMSY,Hms Hlds Cp,36.91,Medical Information Systems,1140684,3266347000
HMY,Harmony Gold Mining CO Ltd,4.4,Mining - Gold,5658810,2513492000
HNI,Hon Industries Inc,39.71,Business Office Products,351135,1656471000
HNLGY,Hang Lung Grp ADR,12.75,Real Estate Operations,4540,3472131000
HOME,At Home Group Inc,28.42,Retail - Home Furniture,2008042,1681094000
HOPE,Hope Bancorp Inc,15.53,Banks - West,1093655,1825614000
HP,Helmerich & Payne,28.46,Oil & Gas - Drilling,1684095,2937970000
HQH,Tekla Healthcare Investors,23.92,Finance - Investment Funds,169427,1006445000
HRB,H&R Block,20.87,Consumer Services - Misc,2337161,3595962000
HRI,Herc Holdings Inc,99.52,Transportation - Equip & Lease,334281,2771820000
HRMY,Harmony Biosciences Holdings Inc,27.56,Medical - Biomedical,184415,1635559000
HRTX,Heron Therapeutics,15.23,Medical - Drugs,1129241,1324343000
HSC,Harsco Corp,17.03,Technology Services,529259,1287586000
HSKA,Heska Corp,171.3,Medical - Biomedical,134890,1594632000
HTGC,Hercules Technology Growth Capital,16.1,Finance - SBIC & Commercial,798869,1803126000
HTH,Hilltop Holdings Inc,35.18,Banks - Southeast,761311,2769770000
HTLD,Heartland Express,19.75,Transportation - Truck,479984,1515564000
HTLF,Heartland Finl USA,51.02,Banks - Midwest,308287,2060599000
HUBG,Hub Group Inc A,67.66,Transportation - Services,279052,2208252000
HURN,Huron Consulting,50.49,Consulting,135496,1106069000
HWC,Hancock Whitney Corp,42.43,Banks - Southeast,523643,3492917000
HY,Hyster-Yale Materials Handling,88.7,Machinery - Material Handling,72629,1371187000
HYFM,Hydrofarm Holdings Group Inc,58.12,Agriculture Products,606598,2098027000
HYLN,Hyliion Hldg Corp Cl A,11.17,Auto - Truck Original Parts,4494821,1918774000
HYPMY,Hypermarcas ADR,5.6192,Medical - Drugs,15443,3566160000
HZO,Marinemax Inc,51.64,Retail - Misc & Diversified,617979,1079351000
IAG,Iamgold Corp,3.07,Mining - Gold,5563365,1449793000
IBA,Industrias Bachoco S.A. DE C.V.,39.46,Food - Meat Products,11546,1915000000
IBOC,Intl Bancshares,48.83,Banks - Southwest,286979,2945935000
IBP,Installed Building Products,113.26,Building & Construction - Misc,216527,3134705000
IBRX,Immunitybio Inc,26.78,Medical - Biomedical,1261737,3218024000
IBTX,Independent Bank Group,74.11,Banks - Southeast,228369,3070519000
ICFI,Icf International,88.67,Government Services,79186,1644956000
ICHR,Ichor Holdings Ltd,51.62,Electronics - Semiconductors,476706,1294923000
ICLK,Iclick Interactive Asia Group Ltd ADR,11.15,Technology Services,1054220,1039708000
IDCC,Interdigital Inc,63.58,Wireless Equipment,228203,1895675000
IFS,Intercorp Financial Services Inc,28.24,Finance - Misc Services,56160,3242699000
IGMS,Igm Biosciences Inc,78.33,Medical - Biomedical,229171,2464983000
IGT,International Game Technology,17.42,Gaming,3043457,3349412000
IHICY,Ihi Corp ADR,5.1,Machinery - General Industrial,920,3301838000
IHRT,Iheartmedia Inc,17.14,Broadcast - Radio & TV,1620722,2247192000
IIJIY,Internet Initiative Japan Inc,24,Internet - Services,625,2203065000
ILPT,Industrial Logistics Properties Trust,23.73,REIT - Equity Trust Other,315440,1478415000
IMAB,I-Mab ADR,46.62,Medical - Biomedical,434878,3279344000
IMAX,Imax Corp,19.77,Movie & TV Production & Dist,1584033,1172496000
IMCR,Immunocore Holdings Plc ADR,40.51,Medical - Biomedical,90097,1744487000
IMGN,Immunogen Inc,8.28,Medical - Drugs,2042740,1619826000
IMKTA,Ingles Markets Inc,64.39,Retail - Supermarket,170690,1270099000
IMOS,Chipmos Tech,31.18,Semi-Eqpt Material Services,19372,1093042000
IMVT,Immunovant Inc,15.64,Medical - Biomedical,2031045,1521490000
INDB,Independent Bk Corp,87.04,Banks - Northeast,174312,2802568000
INFN,Infinera Corp,10.13,Computer - Networks,2618444,1920730000
INGN,Inogen Inc,48.28,Medical Instruments,161071,1043256000
INGXF,Innergex Renewable,17.24,Utility - Electric Power,3768,2941814000
INMD,Inmode Ltd,67.71,Medical Products,915501,2138993000
INN,Summit Hotel Properties,10.55,REIT - Equity Trust Other,934796,1059204000
INNV,Innovage Holding Corp,24.35,Medical Services,N/A,3068629000
INO,Inovio Pharma,9.03,Medical - Biomedical,9603423,1864544000
INSM,Insmed Inc,34.65,Medical - Biomedical,1259242,3500886000
INT,World Fuel Services Corp,36.15,Oil - Refining and Marketing,500675,2156981000
INVA,Innoviva Inc,11.91,Large Cap Pharma,534201,1178175000
INVVY,Indivior Plc,8.34,Medical - Drugs,6620,1252349000
IOSP,Innospec Inc,103,Chemical - Diversified,86167,2434809000
IPAR,Inter Parfums Inc,71.1,Cosmetics & Toiletries,119600,2191357000
IPOE,Social Capital Hedosophia Corp V Cl A,17.1,Unclassified,5871034,1658300000
IPOF,Social Capital Hedosophia Corp VI Cl A,11.02,Unclassified,3821695,1538125000
IRBT,Irobot Corp,112.75,Industrial Robotics,564831,3151801000
IRT,Independence Realty Trust Inc,15.72,REIT - Equity Trust Resident,917461,1538041000
IRTC,Irhythm Technologies Inc,136.39,Medical Information Systems,523187,3757685000
IRWD,Ironwood Pharmaceuti,10.89,Medical - Drugs,3107374,1706197000
ISBC,Investors Bancorp,14.73,Finance - Savings & Loan,3094023,3433718000
ISMAY,Indra Sistemas ADR,4.44,Technology Services,1220,1568692000
ITCB,Itau Corpbanca,5.38,Banks - Foreign,82041,1899324000
ITCI,Intra-Cellular Ther,32.15,Medical - Biomedical,525083,2492243000
ITGR,Integer Holdings Corp,93.32,Medical Instruments,182768,2851110000
ITMPF,Itm Power Plc Ord,5.89,Other Alt Energy,43437,1743174000
ITOS,Iteos Therapeutics Inc,33.57,Medical - Biomedical,318954,1081489000
ITPOF,Intertape Polymer Group Inc,22.695,Containers - Paper Products,4075,1321024000
ITRI,Itron Inc,89.22,Electronic Test Equipment,1007423,3787992000
JACK,Jack IN The Box Inc,111.88,Retail - Restaurants,538423,2490305000
JBSS,John B Sanfilippo,90.69,Food - Misc & Diversified,53007,1006943000
JELD,Jeld-Wen Holding Inc,27.33,Building Products - Wood,886604,2588812000
JJSF,J J Snack Foods,157.64,Food - Misc & Diversified,134695,2980618000
JKS,Jinkosolar Holding Company Ltd,43.96,Solar,2483771,1733672000
JMIA,Jumia Technologies Ag ADR,34.55,Internet Commerce,8366948,3033043000
JOE,St. Joe Company,43.76,Real Estate Developers,327588,2543157000
JOUT,Johnson Outdoors,138.82,Leisure & Recreational Prdcts,38095,1355008000
JPSWY,Japan Steel Works Ltd,11.43,Machinery - General Industrial,100,1812872000
JRVR,James River Gp HD,45.93,Insurance - Multi Line,303704,1368164000
JW.A,John Wiley Sons Cl A,54.83,N/L,558382,2911996000
JW.B,John Wiley Sons Cl B,54.31,N/L,546,2990215000
JWS,Jaws Acquisition Corp Cl A.,13.68,Unclassified,972029,1171275000
KAI,Kadant Inc,178.28,Machinery - General Industrial,57431,1991109000
KALU,Kaiser Aluminum,112.67,Metal Production & Fabrication,146996,1625632000
KAMN,Kaman Corp,52.62,Aerospace - Defense Equipment,177130,1397920000
KAR,Kar Auction Services Inc,15.48,Retail - Misc & Diversified,2727246,1918293000
KBH,KB Home,46.99,Building - Residential & Comm,1647789,3979991000
KEN,Kenon Holdings Ltd,28.76,Utility - Electric Power,2979,1609735000
KEX,Kirby Corp,62.94,Transportation - Ship,347597,3663983000
KFRC,Kforce Inc,53.64,Staffing,120171,1112743000
KFY,Korn/Ferry International,62.25,Staffing,347397,3263642000
KLIC,Kulicke and Soffa,46.42,Electrical - Manufacturing,770455,2801535000
KMT,Kennametal Inc,40.47,Machinery - Tools & Related,610810,3210173000
KN,Knowles Corp,21.35,Communications Components,601902,1891864000
KNCAY,Konica Minolta Holdings Inc,11.2,Office Automation & Equipment,4685,2819945000
KNSA,Kiniksa Pharmaceuticals Ltd,16.69,Medical - Biomedical,854196,1155168000
KNSL,Kinsale Capital Group Inc,167.88,Insurance - Proprty & Casualty,177402,3687860000
KNTE,Kinnate Biopharma Inc,29.03,Medical - Biomedical,402345,1153620000
KOS,Kosmos Energy Ltd,3.24,International E&P,9498693,1182748000
KRA,Kraton Performance Polymers Inc,37.22,Chemical - Specialty,342923,1105446000
KREF,KKR Real Estate Finance Trust Inc,18.95,REIT - Mortgage Trusts,378529,1046193000
KREVF,K-Real Estate Invest,0.943,REIT - Equity Trust Other,14892,3050845000
KRG,Kite Realty Group Trust,19.88,REIT - Equity Trust Retail,732109,1577103000
KRNT,Kornit Digital Ord,92.15,Printing - Commercial,281497,3741280000
KRNY,Kearny Financial,12.61,Finance - Savings & Loan,436936,1026398000
KRO,Kronos Worldwide Inc,15.49,Chemical - Diversified,224687,1670752000
KRON,Kronos Bio Inc,28.99,Medical - Biomedical,261878,1600891000
KROS,Keros Therapeutics Inc,56.4,Medical - Biomedical,121821,1090152000
KRTX,Karuna Therapeutics Inc,113.84,Medical - Biomedical,276032,3039096000
KRYS,Krystal Biotech Inc,68.94,Medical - Biomedical,159057,1535671000
KTB,Kontoor Brands Inc [Ktb/I],49.4,Textile - Apparel,547127,2678125000
KTOS,Kratos Defns,26.02,Aerospace - Defense Equipment,1441067,3053240000
KUKAY,Kuka Ag,43.94,Industrial Robotics,185,1791909000
KURA,Kura Oncology,27.39,Medical - Biomedical,814599,1639053000
KW,Kennedy-Wilson Holdings Inc,20.9,Real Estate Operations,549343,2844253000
KYMR,Kymera Therapeutics Inc,38.04,Medical - Biomedical,573536,1837251000
LAC,Lithium Americas Corp,14.55,Chemical - Diversified,3992662,1687461000
LADR,Ladder Capital Corp,11.87,REIT - Mortgage Trusts,1191352,1455962000
LASR,Nlight Inc,32.2,Electronics - Semiconductors,388569,1229304000
LAUR,Laureate Education Inc,13.96,Schools,857481,2711825000
LBRT,Liberty Oilfield Services Inc,11.3,Oil - Field Services,1563817,1849272000
LC,Lendingclub Corp,16.85,Finance - Misc Services,3828702,1717578000
LCII,Lci Industries,131.62,Auto - Truck Original Parts,163258,3177582000
LEGN,Legend Biotech Corp ADR,27.98,Medical - Biomedical,382065,3583963000
LGF.A,Lions Gate Entertainment Corp Cl A,15.69,N/L,1017196,3545083000
LGF.B,Lions Gate Entertainment Corp Cl B,13.75,N/L,783233,3080661000
LGIH,LGI Homes Inc,151.7,Real Estate Developers,386669,3480960000
LGND,Ligand Pharm,153.48,Medical - Biomedical,288144,2376844000
LILA,Liberty Latin America Cl A,13.58,Wireless National,268405,3116727000
LILAK,Liberty Latin America Cl C,13.67,Wireless National,897240,3151538000
LINX,Linx S.A. ADR,6.6,Internet - Software,33714,1259570000
LIVN,Livanova Plc OR Sh,75.99,Medical Instruments,626139,3537313000
LKFLF,Luk Fook Holdings IN,2.69,Retail - Jewelry,9817,1438420000
LKFN,Lakeland Finl Corp,71.88,Banks - Midwest,144511,1781630000
LKNCY,Luckin Coffee Inc ADR,8.68,Beverages - Soft,2979163,2319050000
LMNX,Luminex Corp,32.11,Medical Instruments,678827,1456665000
LNN,Lindsay Corp,166.36,Machinery - Farm,71406,1742962000
LNTH,Lantheus Holdings,19.8,Medical Products,571610,1341981000
LOB,Live Oak Bancsh,68.46,Banks - Southeast,440827,2781528000
LPSN,Liveperson Inc,51.99,Internet - Services,965736,3416313000
LRN,Stride Inc,31.2,Schools,699578,1174425000
LTC,Ltc Properties,42.84,REIT - Equity Trust Other,240801,1654835000
LTHM,Livent Corp,17.06,Chemical - Specialty,2882238,2404339000
LTMAQ,Latam Airlines Group S.A.,1.67,Transportation - Airline,386021,1030892000
LTRPB,Liberty Tripadv B,28.13,Internet - Services,7260,2222941000
LUNG,Pulmonx Corp,47.96,Medical Information Systems,269785,1829469000
LX,Lexinfintech Holdings Ltd,10.26,Finance - Consumer Loans,2522807,1856394000
LXP,Lexington Realty Trust,11.53,REIT - Equity Trust Other,1940809,3064207000
LYSDY,Lynas Rare Earths Ltd,4.48,Mining - Misc,242562,3712445000
LZB,La-Z-Boy Inc,43.13,Furniture,509965,1909289000
MAC,Macerich Company,12.18,REIT - Equity Trust Retail,8870179,1851025000
MAG,MAG Silver Corp,15.3,Mining - Silver,895577,1437774000
MAIN,Main Street Capital Corp,39.26,Finance - SBIC & Commercial,373789,2597057000
MAKSY,Marks & SP Gp ADR,4.22,Retail - Supermarket,28242,3942199000
MANT,Mantech Intl Cp A,86.92,Computer - Services,201276,3448340000
MARA,Marathon Digital Hldgs Inc,36.09,Technology Services,18772160,2166101000
MASS,908 Devices Inc,43.04,Medical Instruments,328285,1208652000
MATW,Matthews Intl Corp,39.21,Funeral Services & Related,148774,1221388000
MATX,Matson Inc,67.71,Transportation - Services,350148,2891903000
MAX,Mediaalpha Inc Cl A,35.19,Technology Services,620854,2304006000
MAXR,Maxar Technologies Ltd,37.64,Satellite Communication,2097978,2074007000
MBIN,Merchants Bancorp,40.75,Banks - Northeast,79479,1132859000
MBUU,Malibu Boats Inc,81,Leisure & Recreational Prdcts,196124,1596728000
MC,Moelis,55.97,Finance - Investment Brokers,473053,3491810000
MCRB,Seres Theraptc,18.87,Medical - Biomedical,1328099,1747671000
MCRI,Monarch Casino,64.03,Gaming,154915,1122199000
MCY,Mercury General Corp,61.52,Insurance - Proprty & Casualty,357341,3331998000
MD,Mednax Inc,26.01,Medical - Hospitals,1062665,2285518000
MDC,M.D.C. Holdings,58.62,Building - Residential & Comm,669916,3559438000
MDGL,Madrigal Pharmaceuticals Inc,116.33,Medical - Drugs,148614,1816913000
MDP,Meredith Corp,30.87,Publishing - Periodicals,559152,1374526000
MDRX,Allscripts Hlthcare,15.3,Medical Information Systems,2614232,2103281000
MDXG,Mimedx Group Inc,9.8,Medical - Biomedical,647693,1124849000
MED,Medifast Inc,224.52,Food - Misc & Diversified,138199,2602643000
MEI,Methode Electronics,41.59,Electronics - Connectors,250156,1541724000
MEOH,Methanex Cp,37.02,Chemical - Diversified,336331,2686367000
MESO,Mesoblast Ltd Ads,8.67,Medical - Biomedical,221962,1146893000
MFA,MFA Financial Inc,4.15,REIT - Mortgage Trusts,5011492,1803715000
MFGP,Micro Focus Intl Plc,7.3,Internet - Software,1375003,2189091000
MGEE,Mge Energy Inc,72.12,Utility - Electric Power,126325,2576252000
MGLN,Magellan Health,93.84,Medical - HMO,241919,2430417000
MGNX,Macrogenics,33.2,Medical Products,935896,1642734000
MGPI,MGP Ingredients Inc,60.96,Food - Misc & Diversified,101566,1005386000
MGRC,Mcgrath Rentcorp,82.05,Finance - Leasing Companies,113802,1881019000
MGY,Magnolia Oil & Gas Corp,11.92,Oil - US Exploration & Product,3350518,2689528000
MHO,M/I Homes,59.18,Building - Residential & Comm,268691,1543995000
MIC,Macquarie Infrastructure Company Trust,31.44,Conglomerates - Div Operations,828933,2674318000
MIK,The Michaels Comp,21.96,Retail - Misc & Diversified,9083584,3103552000
MIME,Mimecast Ltd Ord,40.62,Internet - Software,687287,2583046000
MITFY,Mitie Group Plc ADR,3.44,Business Services,18147,1163915000
MLAB,Mesa Labs Inc,243.02,Medical Instruments,31729,1256260000
MLHR,Miller Herman Inc,41.92,Business Office Products,436830,2376854000
MLI,Mueller Industries,41.52,Metal Production & Fabrication,332175,2292065000
MMI,Marcus & Millichap,33.88,Real Estate Developers,281378,1303688000
MMSI,Merit Medical Sys,56.92,Medical - Dental Suppliers,316366,3052424000
MMYT,Makemytrip Ltd,32.17,Internet Services - Delivery,794230,3130691000
MNR,Monmouth Real Estate Investment Corp,18.11,REIT - Equity Trust Other,370014,1732064000
MNRO,Monro Muffler Brak,66.24,Consumer Services - Misc,297074,2057431000
MNTK,Montauk Renewables Inc,11.83,Other Alt Energy,110383,1716089000
MODN,Model N Inc,32.7,Internet - Software,405959,1151359000
MODV,Modivcare Inc,153.14,Medical Services,109968,2101970000
MOG.A,Moog Inc Cl A,82.23,N/L,123639,2546760000
MOG.B,Moog Inc Cl B,80.06,N/L,225,2668616000
MOMO,Momo Inc Ads,14.45,Internet Software Services,4024371,2450339000
MOR,Morphosys Ag ADR,22.32,Medical - Biomedical,129602,2864061000
MORF,Morphic Holding Inc,61.16,Medical - Biomedical,1064279,1898974000
MP,Mp Materials Corp,35,Mining - Misc,8040708,1442100000
MPGPF,Michael Page Intl,6.82,Consulting,890,2241120000
MPLN,Multiplan Corp,5.88,Medical Services,3045861,3917996000
MRCY,Mercury Sys Inc,67.97,Computers - Peripheral Equpt,455909,3763198000
MRSN,Mersana Therapeutics Inc,16.63,Medical - Biomedical,719032,1121949000
MRTN,Marten Transport L,17.27,Transportation - Truck,385157,1323984000
MSC,Studio City Intl Holdings Ltd ADR,13.51,Leisure & Recreation Services,1637,1080475000
MSEX,Middlesex Water Company,79.2,Utility - Water Supply,116999,1357283000
MSGE,Madison Square Garden Entertainment Corp,84.67,Leisure & Recreation Services,380007,2229585000
MTDR,Matador Resources Company,24.33,Oil - US Exploration & Product,2178094,2720625000
MTH,Meritage Corp,92.64,Building - Residential & Comm,421603,3237286000
MTLS,Materialise NV Ads,32.47,Internet - Software,872200,1786716000
MTOR,Meritor Inc,29.93,Auto - Truck Original Parts,611199,2021551000
MTRN,Materion Corp,66.9,Mining - Misc,193606,1342999000
MTSC,M T S Systems Cp,58.38,Industrial Scientific,214039,1134419000
MTSI,Macom Technology S,58.46,Semi Analog & Mixed,769207,3805394000
MTX,Minerals Technologies Inc,76.95,Chemical - Specialty,167774,2465149000
MUR,Murphy Oil Corp,17.3,Oil - US Exploration & Product,4080294,2572783000
MUSA,Murphy USA Inc,152.51,Oil - Refining and Marketing,342587,3765540000
MVIS,Microvision,13.45,Lasers - Systems & Components,10779291,2076716000
MWA,Mueller Water Products,13.68,Steel - Pipe & Tube,1200009,2108783000
MXL,Maxlinear Inc,33.66,Semi Analog & Mixed,746265,2399571000
MYGN,Myriad Genetics Inc,30.09,Medical - Biomedical,662428,2116409000
MYOV,Myovant Sciences Ltd,21.2,Medical - Biomedical,862571,1979418000
MYRG,MYR Group Inc,68.1,Electrical Construction,170803,1095669000
MYTAY,Magyar Telekom Telecommunications Plc,6.6975,Wireline Non-US,2566,1416055000
MYTE,Myt Netherlands Parent B.V. ADR,27.1,Internet Commerce,472383,2391630000
NAVI,Navient Cp,14.13,Finance - Consumer Loans,2701642,2434979000
NBHC,National Bank Holdings Corp,41.19,Banks - Southeast,168158,1210705000
NBLX,Noble Midstream Partners LP,14.84,Oil - US Exploration & Product,928894,1307364000
NBTB,NBT Bancorp Inc,40.76,Banks - Northeast,167398,1693994000
NCCGF,Ncc Group Plc Manchester,3.65,Technology Services,N/A,1013459000
NDVLY,New World Dev CO Ltd,2.41,Real Estate Developers,2919,3270824000
NESR,National Energy Services Reunited Corp,12.56,Oil Field Machinery & Equip,314582,1033166000
NEWR,New Relic Inc,59.06,Internet - Software,819044,3626295000
NEXA,Nexa Resources S.A.,10.15,Mining - Misc,181600,1342533000
NG,Novagold Resources Inc,9.05,Mining - Gold,1401394,2972039000
NGD,New Gold Inc,1.64,Mining - Gold,6977820,1095930000
NGM,Ngm Biopharmaceuticals Inc,28.79,Medical - Biomedical,280426,2168083000
NGVT,Ingevity Corp,76.55,Chemical - Specialty,300472,3087027000
NHC,National Healthcare Corp,77.4,Medical - Nursing Homes,44808,1132000000
NHI,National Health Investors,76.13,REIT - Equity Trust Other,380249,3315749000
NHNKY,Nihon Kohden,14.9385,Medical Instruments,3146,2567253000
NINOY,Nikon Corp ADR,9.75,Electrical - Manufacturing,11393,3794720000
NIU,Niu Technologies ADR,34.03,Auto - Truck Original Parts,1613355,2488524000
NJR,Newjersey Resources Corp,39.77,Utility - Gas Distribution,654334,3847113000
NKTR,Nektar Therapeutics,19.99,Medical - Drugs,996200,3607519000
NKTX,Nkarta Inc,35.02,Medical - Biomedical,280614,1197214000
NMFC,New Mountain Finance Corp,12.6,Finance - SBIC & Commercial,574760,1199687000
NMIH,Nmi Holdings Inc,23.04,Insurance - Proprty & Casualty,906004,1921024000
NMRK,Newmark Group Inc Cl A,10.55,Real Estate Operations,908121,1828219000
NNDM,Nano Dimension Ads,8.75,Nanotechnology,28099869,2085129000
NNI,Nelnet Inc,74.47,Finance - Consumer Loans,79727,2761272000
NNOX,Nano-X Imaging Ltd,39.51,Technology Services,2024961,1757529000
NOAH,Noah Holdings Ltd,43.66,Finance - Investment Mgmt,212003,2654396000
NOVA,Sunnova Energy International Inc,35.88,Solar,2710332,3674210000
NPO,Enpro Industries,87.09,Machinery - General Industrial,121914,1724864000
NRC,National Research Corp,46.88,Business Information,38380,1153305000
NRIX,Nurix Therapeutics Inc,29.84,Medical - Biomedical,692702,1102625000
NS,Nustar Energy LP,17.11,Oil Gas Prod Pipeline MLP,671480,1821417000
NSA,National Storage Affiliates Tru,40.29,REIT - Equity Trust Other,415230,2817967000
NSIT,Insight Enterpr,96.67,Retail - Mail Order,294096,3257910000
NSP,Insperity Inc,83.39,Staffing,327890,3136523000
NSTG,Nanostring Tech,63.02,Medical Products,758328,2855923000
NTB,Bank of Butterfield Ltd,38.13,Banks - Foreign,189618,2000988000
NTCT,Netscout Systems,28.9,Computer - Networks,460008,2031323000
NTGR,Netgear Inc,42.54,Computer - Networks,293146,1235668000
NUS,Nu Skin Enterprises,53.12,Cosmetics & Toiletries,619240,2580842000
NUV,Nuveen Muni Value Fund,10.98,Finance - Investment Funds,250461,2285247000
NUVA,Nuvasive Inc,67.49,Medical Products,847194,3391014000
NVEE,Nv5 Global,93.58,Consulting,162084,1357912000
NVMI,Nova Measuring Instr,87.85,Electronics - Measuring Inst,192706,2420149000
NWBI,Northwest Bancshares,14.82,Finance - Savings & Loan,815322,1826796000
NWBO,Northwest Bioth Cmn,1.54,Medical - Biomedical,2057598,1309461000
NWE,Northwestern Corp,64.84,Utility - Electric Power,338087,3230632000
NWN,Northwest Natural Gas Company,52.63,Utility - Gas Distribution,408086,1625538000
NXE,Nexgen Energy Ltd,3.52,Mining - Misc,2403636,1424119000
NXGN,Nextgen Healthcare Inc,18.58,Medical Information Systems,328965,1222805000
NXRT,Nexpoint Residential Trust Inc,46.72,REIT - Equity Trust Resident,173112,1136834000
NYMT,New York Mtge Trust,4.49,REIT - Mortgage Trusts,4398134,1665834000
OCFC,Oceanfirst Financial Corp,24.86,Finance - Savings & Loan,346563,1396642000
OCGN,Ocugen Inc,7.13,Medical - Biomedical,36450172,1395621000
OCUL,Ocular Therapeut,16.97,Medical - Drugs,993305,1360131000
ODP,Office Depot,40.17,Retail - Misc & Diversified,434007,1864241000
OEC,Orion Engineered Carbons S.A R,19.96,Chemical - Diversified,481575,1146097000
OFC,Corporate Office Properties,27.28,REIT - Equity Trust Other,947336,2968309000
OFG,OFG Bancorp,22.49,Banks - Northeast,310665,1084591000
OFLX,Omega Flex Inc,157.06,Steel - Pipe & Tube,18594,1504005000
OGS,One Gas Inc,74.99,Utility - Gas Distribution,343526,3965080000
OI,Owens-Illinois,14.49,Glass Products,2050059,1879846000
OII,Oceaneering International,11.73,Oil - Field Services,1379744,1109270000
OLMA,Olema Pharmaceuticals Inc,30.48,Medical - Biomedical,275849,1262945000
OM,Outset Medical Inc,49.16,Medical Information Systems,386716,2212214000
OMAB,Grupo Aeroportuario,49.13,Transportation - Services,188444,2123927000
OMER,Omeros Corp,19.26,Medical Products,654723,1204616000
OMI,Owens & Minor,38.48,Medical Products,1173925,2541033000
ONB,Old National Bncp,20.06,Banks - Midwest,968177,3161022000
ONTF,On24 Inc,49.63,Internet - Software,324575,2322380000
ONTO,Onto Innovation Inc,63.04,Nanotechnology,481253,2999949000
OPCH,Option Care Health Inc,18.07,Medical - Outpatient & Hm Care,1637910,3202487000
OPI,Office Properties Income Trust,28.7,REIT - Equity Trust Resident,214046,1329711000
OPK,Opko Health Inc,4.46,Medical Instruments,6563614,2934753000
OPRA,Opera Ltd ADR,10.39,Internet - Content,232366,1298752000
OR,Osisko Gold Royalties Ltd,11.23,Mining - Gold,938962,1849030000
ORGO,Organogenesis Holdings Inc,19.5,Medical - Drugs,732496,2498267000
OSIS,O S I Systems Inc,97.94,Electronics - Misc Components,95116,1731243000
OSTK,Overstock.com Inc,65.54,Internet Commerce,2003964,2647215000
OTTR,Otter Tail Corp,46.46,Utility - Electric Power,139000,1892856000
OUT,Outfront Media Inc,22.11,REIT - Equity Trust Other,1879513,3052210000
OUTKY,Outokumpu Oyj [Finland] ADR,2.75,Steel - Producers,450,2262618000
OXBDF,Oxford Biomedical Ltd,13.21,Medical - Biomedical,1097,1001492000
OXINF,Oxford Instruments,25.15,Nanotechnology,315,1409087000
OXM,Oxford Industries,88.39,Textile - Apparel,107708,1361695000
PACK,Ranpak Holdings Corp,19.97,Paper & Related Products,378051,1461427000
PAGP,Plains Gp Holdings LP,9.47,Oil - Production & Pipeline,3039086,1748823000
PAND,Pandion Therapeutics Inc,60,Medical - Biomedical,289224,1770075000
PAR,Par Technology Corp,70.23,Computer - Integrated Systems,285802,1544289000
PATK,Patrick Inds Inc,85.15,Building - Mobile Homes & RV,148253,1825602000
PAYA,Paya Holdings Inc,11.32,Internet - Software,2492677,1325678000
PBF,PBF Energy Inc,14.34,Oil - Refining and Marketing,4729885,1614184000
PBH,Prestige Brand Holdings,45.05,Consumer Prdts - Misc Discr,345015,2204033000
PBI,Pitney Bowes Inc,8.2,Office Automation & Equipment,2568688,1356355000
PCFBY,Pacific Basin Shp ADR,5.74,Transportation - Ship,2470,1381245000
PCH,Potlatch Cp,52.37,Building Products - Wood,535698,3312490000
PCRX,Pacira Pharm Inc,71.77,Medical - Drugs,389513,2965138000
PCVX,Vaxcyte Inc,23.76,Medical - Biomedical,512860,1121919000
PD,Pagerduty Inc,38.47,Internet - Software,1894987,3201055000
PDCE,Pdc Energy Inc,35.16,Oil - US Exploration & Product,1460317,3208957000
PDCO,Patterson Companies,32.46,Medical - Dental Suppliers,878406,2948334000
PDM,Piedmont Office Realty Trust,17.85,REIT - Equity Trust Other,909317,2122110000
PEB,Pebblebrook Hotel Trust,25.25,REIT - Equity Trust Other,1990370,3129260000
PETQ,Petiq Inc Cl A,34.53,Medical Products,244030,1007760000
PFC,Premier Financial Corp,33.31,Banks - Northeast,187795,1184163000
PFS,Provident Financial Services,22.77,Finance - Savings & Loan,401317,1674966000
PGEN,Precigen Inc,7.49,Medical - Biomedical,1667865,1530118000
PGRE,Paramount Group Inc,10.19,REIT - Equity Trust Other,2043704,2128602000
PGTI,Pgt Inc,24.93,Building & Construction - Misc,244655,1409324000
PHAT,Phathom Pharmaceuticals Inc,41.08,Medical - Biomedical,99887,1169896000
PHMMF,Pharma Mar S.A.U.,117.25,Medical - Biomedical,590,2161387000
PHR,Phreesia Inc,53.1,Medical Information Systems,376461,2338430000
PI,Impinj Inc,55.81,Electronics - Semiconductors,251060,1274059000
PING,Ping Identity Holding Corp,21.92,IT Services,1328664,1764123000
PIPR,Piper Jaffray Companies,111.96,Finance - Investment Brokers,102732,1971126000
PJT,Pjt Partners Inc Cl A,68.73,Finance - Misc Services,226643,1597801000
PLAY,Dave & Buster's Ente,49.1,Retail - Restaurants,1492541,2040507000
PLCE,Children's Place Inc,72.95,Retail - Apparel & Shoes,437592,1023569000
PLMR,Palomar Holdings Inc,69.38,Insurance - Proprty & Casualty,304070,1649329000
PLOW,Douglas Dynamics,46.19,Auto - Truck Replacement Parts,92736,1025181000
PLRX,Pliant Therapeutics Inc,39.65,Medical - Biomedical,308734,1422015000
PLT,Plantronics,39.77,Communications Components,573460,1586111000
PLUS,Eplus Inc,102.21,Business Software Services,81666,1334637000
PLXS,Plexus Cp,93.07,Electronic Manufacturing,140949,2553075000
PLYA,Playa Hotels & Resorts N.V.,7.34,Hotels & Motels,1565534,1176095000
PMT,Pennymac Mortgage Investment Trust,19.74,Real Estate Operations,1020976,1867010000
PMVP,Pmv Pharmaceuticals Inc,33.55,Medical - Drugs,230720,1478287000
PNTG,The Pennant Group Inc,47.07,Medical - Outpatient & Hm Care,130329,1278007000
POSH,Poshmark Inc Cl A,39.64,Internet Commerce,882899,2947133000
PPBI,Pacific Premier Bncp,44.79,Finance - Savings & Loan,493164,3962234000
PPTA,Perpetua Resources Corp,6.74,Mining - Misc,161390,3109364000
PQG,Pq Group Holdings Inc,17.04,Chemical - Specialty,207111,2166343000
PRA,Pro-Assurance Corp,27.6,Insurance - Proprty & Casualty,317001,1436249000
PRAA,Pra Group Inc,37.29,Finance - Misc Services,337737,1630441000
PRAX,Praxis Precision Medicines Inc,30.89,Medical - Biomedical,222485,1273492000
PRCH,Porch Group Inc,16.75,Internet - Software,1955475,1317890000
PRFT,Perficient Inc,60.25,Computer - Services,226901,1911504000
PRG,Prog Hldgs Inc,44.96,Finance - Consumer Loans,698442,2943415000
PRGS,Progress Software,44.27,Computer - Software,287047,1849113000
PRIM,Primoris Services Cp,32.78,Building - Heavy Construction,740727,1560369000
PRK,Park National Corp,134.47,Banks - Midwest,55956,2106626000
PRLB,Proto Labs Inc,120.22,Rubber & Plastics,576374,3179819000
PRLD,Prelude Therapeutics Incorporated,42.59,Medical - Drugs,220623,2303211000
PRMRF,Paramount Resources Ltd,8.51,Oil - C$ Exploration & Product,6800,1149117000
PRMW,Primo Water Corp,16.03,Utility - Water Supply,1401274,2511321000
PRO,Pros Holdings,43.19,Computer - Software,313340,1847254000
PRPB,CC Neuberger Principal Holdings II Cl A,10.01,Unclassified,698601,1068725000
PRPL,Purple Innovation Inc,30.69,Consumer Prdts - Misc Staple,2063484,2023193000
PRRFY,Premier Foods Plc,6.765,Food - Misc & Diversified,3567,1157210000
PRTA,Prothena Corp,26.9,Medical - Biomedical,521198,1016152000
PS,Pluralsight Inc Cl A,22.38,Technology Services,4455790,3313816000
PSEC,Prospect Capital Cp,7.86,Finance - Investment Mgmt,2654548,2948910000
PSMT,Pricesmart Inc,97.42,Retail - Discount,149185,2844802000
PSN,Parsons Corp,39.17,Technology Services,541991,3919403000
PTCT,Ptc Therapeutics,49.21,Medical - Drugs,582306,3483048000
PTEN,Patterson-Uti Energy,7.47,Oil & Gas - Drilling,2630482,1310397000
PTGX,Protagonist Therapeutics Inc,27.21,Medical - Biomedical,401610,1202091000
PTVE,Pactiv Evergreen Inc,14.34,Consumer Services - Misc,643742,2625482000
PTY,Pimco Corporate Opportunity Fund,18.07,Finance - Investment Funds,347608,1912680000
PUBM,Pubmatic Inc Cl A,50.49,Internet - Software,803989,2316739000
PUMP,Propetro Holding Corp,10.99,Oil - Field Services,1180130,1067500000
PVG,Pretium Res Inc,10.57,Mining - Gold,1366311,1999889000
PZZA,Papa John's Intl,88.42,Retail - Restaurants,531241,2831479000
QADA,Qad Inc,66.01,Business Software Services,50141,1241525000
QFIN,360 Finance Inc ADR,24.22,Technology Services,3990719,3447685000
QLYS,Qualys Inc,105.33,Security,528902,3947462000
QNST,Quinstreet Inc,20.5,Internet Services - Delivery,313410,1090990000
QQQX,Nuveen Nasdaq 100,26.95,Finance - Investment Funds,152166,1131508000
QTRX,Quanterix Corp,51.57,Medical Products,437709,1889563000
QUOT,Quotient Technology Inc,14.56,Internet Software Services,987141,1335915000
QURE,Uniqure N.V.,29.24,Medical - Biomedical,503430,1334972000
R,Ryder System,76.45,Transportation - Equip & Lease,485899,3794803000
RAAS,Cloopen Group Holding Limited ADR,11.75,Internet - Software,2093698,2410463000
RAD,Rite Aid Corp,18.85,Retail - Drug Stores,2514123,1288928000
RAMP,Liveramp Holdings Inc,53,Technology Services,1032290,3337920000
RAVN,Raven Industries Inc,34.09,Conglomerates - Div Operations,463680,1140157000
RBBN,Ribbon Communications Inc,8.09,Communication Network Software,1209526,1145534000
RCII,Rent-A-Center Inc,59.2,Consumer Services - Misc,690507,3026507000
RCKT,Rocket Pharmaceuticals Inc,46.49,Medical - Biomedical,527352,2855996000
RCUS,Arcus Biosciences Inc,32.71,Medical - Biomedical,531914,2268740000
RDNT,Radnet Inc,21.76,Medical - Outpatient & Hm Care,251746,1117053000
RDUS,Radius Health,21.83,Medical - Drugs,620177,1079265000
RDWR,Radware Ltd,26.34,Security,370612,1226304000
REAL,The Realreal Inc,22.3,Consumer Prdts - Misc Discr,2356597,1890128000
REGI,Renewable Energy,63.78,Biofuels,1630751,2502099000
REPL,Replimune Group Inc,33.16,Medical - Biomedical,391004,1405019000
RES,RPC Inc,5.4,Oil - Field Services,1465339,1076897000
RETA,Reata Pharma,97.65,Medical - Biomedical,331840,3616480000
REVG,Rev Group Inc,18.3,Transportation - Services,388174,1142004000
REZI,Resideo Technologies Inc,29.46,Protection - Safety,1440305,3966382000
RGNX,Regenxbio Inc,34.49,Medical - Biomedical,395183,1467456000
RGR,Sturm Ruger & Company,67.46,Leisure & Recreational Prdcts,303390,1135337000
RIDE,Lordstown Motors Corp,11.87,Auto - Truck Original Parts,11748666,1877120000
RIG,Transocean Inc,3.38,Oil & Gas - Drilling,29354404,2020562000
RILY,B. Riley Financl,54.46,Auction Valuation Services,277845,1461788000
RIOT,Riot Blockchain Inc,48.22,Technology Services,23850537,3086796000
RLAY,Relay Therapeutics Inc,34.25,Medical - Drugs,909332,3153974000
RLGY,Realogy Holdings Corp,15.25,Real Estate Operations,1625765,1680481000
RLJ,Rlj Lodging Trust,15.47,REIT - Equity Trust Other,1327397,2487793000
RMBS,Rambus Inc,19.57,Electronics - Semiconductors,872099,2149685000
RMR,The Rmr Grp A,39.24,Real Estate Operations,87381,1168873000
RNLX,Renalytix Ai Plc ADR,27.08,IT Services,185570,1015623000
RNST,Renasant Corp,43.09,Banks - Southeast,339542,2315922000
ROAD,Construction Partners Inc Cl A,29.17,Building & Construction - Misc,466001,1386472000
ROCK,Gibraltar Ind Inc,91.72,Building & Construction - Misc,310805,2750951000
ROG,Rogers Corp,191.55,Electronics - Misc Components,87310,3333836000
ROIC,Retail Opp Invts Cp,16.45,REIT - Equity Trust Retail,1057181,1878172000
ROOT,Root Inc,14.34,Insurance - Proprty & Casualty,4922476,3088298000
ROSYY,Ojsc Rostelecom Ads,8.47,Communications Infrastructure,690,3634901000
RPAI,Retail Properties of America,10.86,REIT - Equity Trust Retail,1708851,2231975000
RPAY,Repay Holdings Corp Cl A,22.86,Financial Transaction Services,983679,2002523000
RPD,Rapid7 Inc,74.06,Internet - Software,857686,3959428000
RPTX,Repare Therapeutics Inc,28.2,Medical - Biomedical,190602,1045490000
RRC,Range Resources Corp,10.87,Oil - US Exploration & Product,5136447,2487453000
RRR,Red Rock Resorts Inc,34.77,Gaming,919208,3871362000
RTLR,Rattler Midstream LP Common Units,10.76,Oil - US Integrated,331654,1543581000
RUBY,Rubius Therapeutics Inc,24.62,Medical - Biomedical,4203232,2035233000
RUSHA,Rush Entpr Cl A,49.19,Retail - Wsale Auto & Trucks,256735,2577510000
RUSHB,Rush Entpr Cl B,44.52,Retail - Wsale Auto & Trucks,21537,2357210000
RVLV,Revolve Group Inc,44.66,Internet Commerce,1228877,3224970000
RVMD,Revolution Medicines Inc,43.03,Medical - Drugs,522487,3272148000
RVNC,Revance Therapeutics,28.03,Medical - Biomedical,515942,1942434000
RVT,Royce Value Trust,17.89,Finance - Investment Funds,246222,1736156000
RWT,Redwood Trust,10.36,REIT - Mortgage Trusts,1312208,1136593000
RYCEY,Rolls Royce Grp ADR,1.52,Aerospace - Defense Equipment,12655611,2906148000
RYTM,Rhythm Pharmaceuticals Inc,21.59,Medical - Biomedical,518834,1092440000
SA,Seabridge Gold,16.59,Mining - Gold,435947,1246970000
SAFE,Safehold Inc,71.58,REIT - Mortgage Trusts,124589,3689160000
SAFM,Sanderson Farms IN,158.03,Food - Meat Products,184494,3442168000
SAFT,Safety Ins Group Inc,85.16,Insurance - Proprty & Casualty,88710,1239330000
SAH,Sonic Automotive,51.84,Retail - Wsale Auto & Trucks,360152,1989710000
SAND,Sandstorm Gold Ltd,6.84,Mining - Gold,2109632,1324640000
SANM,Sanmina Corp,42.05,Electronic Manufacturing,440911,2597080000
SAPMF,Saipem Spa,2.78,Oil & Gas - Drilling,1185,2769464000
SASR,Sandy Spring Bancorp,44.47,Banks - Northeast,241095,1985601000
SATS,Echostar Corp,24.58,Satellite Communication,898643,2234721000
SAVA,Cassava Sciences Inc,46.57,Medical - Drugs,2628319,1248511000
SAVE,Spirit Airlines Inc,36.99,Transportation - Airline,4675050,3396003000
SBCF,Seacoast Banking Cp,37.1,Banks - Southeast,298594,1931540000
SBGI,Sinclair Brdcst A,29.14,Broadcast - Radio & TV,818354,2156598000
SBH,Sally Beauty Holdings,20.33,Retail - Misc & Diversified,1995433,2150235000
SBLK,Star Bulk Carriers,15.12,Transportation - Ship,1502725,1383406000
SBRA,Sabra REIT,17.74,REIT - Equity Trust Other,2709155,3736066000
SBSI,Southside Bancshares,39.68,Banks - Southwest,198870,1240545000
SBTX,Silverback Therapeutics Inc,47.31,Medical - Biomedical,383638,1660956000
SCHN,Schnitzer Steel A,43.39,Steel - Producers,369510,1055043000
SCL,Stepan Company,130.29,Chemical - Diversified,79030,2807601000
SCPL,Sciplay Corp Cl A,15.33,Gaming,700737,1832930000
SCS,Steelcase Inc,14.67,Business Office Products,798932,1683417000
SCU,Sculptor Capital Management Inc,21.49,Finance - Investment Mgmt,214552,1187174000
SCWX,Secureworks Corp CS,13.55,IT Services,89825,1086364000
SEAS,Seaworld Entertainment Inc Company,50.73,Leisure & Recreation Services,1156705,3744880000
SEER,Seer Inc Cl A,40.18,Medical - Biomedical,657868,2767795000
SENS,Senseonics Holdings,2.75,Medical Information Systems,37724543,1024063000
SFBS,Servisfirst Bancs,64.07,Finance - Savings & Loan,295523,3256760000
SFM,Sprouts Farmers Mark,27.96,Food Items - Wholesale,2901169,2981852000
SFNC,Simmons First Natl,30.94,Banks - Southeast,678213,3129119000
SGH,Smart Global Holdings Inc,44.5,Electronics - Semiconductors,233680,1060284000
SGHIY,Shanghai Industrial Holdings Ltd,14.88,Conglomerates - Div Operations,N/A,1617769000
SGMO,Sangamo Therapeutics,12,Medical - Biomedical,1621437,1655982000
SGMS,Scientific Games,39.74,Computer - Services,701614,3740242000
SGRY,Surgery Partners CS,43.46,Medical Services,465536,2531480000
SHALY,Shangri-La Asia Ltd,21.27,Hotels & Motels,645,3813201000
SHEN,Shenandoah Telecom,48.58,Diversified Comm Services,203983,2355792000
SHI,Sinopec Shangai Petrochemical Company Ltd,23.47,Chemical - Diversified,26537,2473200000
SHO,Sunstone Hotel Investors,12.73,REIT - Equity Trust Other,2504184,2645468000
SHOO,Steven Maddens Ltd,38.65,Shoes and Related Apparel,746586,2963265000
SHYF,The Shyft Group Inc,37.19,Auto - Truck Original Parts,275505,1281577000
SI,Silvergate Capital Corp Cl A,123.84,Banks - Southwest,1707929,2988670000
SIG,Signet Jewelers Ltd,58.88,Retail - Jewelry,925323,2748845000
SIHBY,Shenzhen Investment Hlds Bay Area Dev.,4.02,Real Estate Operations,600,1238839000
SII,Sprott Inc,38.53,Finance - Investment Mgmt,224589,1009778000
SILK,Silk Road Medical Inc,47.78,Medical Instruments,462608,1677356000
SILV,Silvercrest Metals Inc,8.14,Mining - Misc,1305995,1143315000
SIM,Grupo Simec S.A. DE C.V.,11.99,Steel - Producers,1763,1824988000
SIMO,Silicon Motion Techn,58.91,Electronics - Semiconductors,529080,2044794000
SINA,Sina Corp,43.26,Internet - Content,507315,2961147000
SITC,Site Centers Corp,13.46,REIT - Equity Trust Retail,3360576,2458800000
SITM,Sitime Corp,100.03,Electronics Products - Misc,276990,1686530000
SIX,Six Flags Entertainment Corp,48.06,Leisure & Recreation Services,1643548,3904284000
SJI,South Jersey Industries,22.25,Utility - Gas Distribution,3291204,2256082000
SJW,SJW Corp,62.35,Utility - Water Supply,176408,1752158000
SKT,Tanger Factory Outlet Centers,16.47,REIT - Equity Trust Retail,7116682,1487763000
SKY,Skyline Corp,45.34,Building - Mobile Homes & RV,532169,2373174000
SKYW,Skywest Inc,55.23,Transportation - Airline,419079,2609824000
SLP,Simulations Plus Inc,60.06,Computer - Software,213063,1207483000
SM,Sm Energy Company,18.1,Oil - US Exploration & Product,4890750,1878326000
SMCI,Super Micro Computer,38.17,Computer - Storage Devices,351740,1890999000
SMPL,The Simply Good Foods Company,30.7,Food - Confectionery,941252,2745279000
SMSMY,Sims Metal Management Ltd,10.12,Waste Removal Svcs,2920,2086141000
SNBR,Sleep Number Corp,140.82,Furniture,597737,3331991000
SNDL,Sundial Growers Inc,1.13,Medical - Drugs,290872031,1867754000
SNDX,Syndax Pharma,23.85,Medical - Biomedical,868390,1153323000
SNEX,Stonex Group Inc,66.27,Finance - Misc Services,74789,1265531000
SOGO,Sogou Inc,8.05,Internet - Software,554690,3224724000
SPB,Spectrum Brands Holdings Inc,84.13,Consumer Prdts - Misc Discr,362422,3467300000
SPMYY,Spirent Comm Plc ADR,12.97,Communications Components,995,1972861000
SPNS,Sapiens Intl Cp NV,32.06,Computer - Software,148583,1614706000
SPPJY,Sappi Ltd,3.05,Paper & Related Products,1970,1687449000
SPSC,Sps Commerce Inc,99.54,Business Services,221265,3418198000
SPT,Sprout Social Inc Cl A,54.34,Internet - Services,835002,2877457000
SPXC,SPX Corp,59.48,Auto - Truck Replacement Parts,243331,2567529000
SR,Spire Inc,74.05,Utility - Gas Distribution,383201,3733313000
SRCE,1st Source Corp,49.05,Banks - Midwest,116794,1216938000
SRNE,Sorrento Therpt,8.33,Medical - Biomedical,10917790,2370467000
SRRK,Scholar Rock Holding Corp,50.74,Medical - Biomedical,301473,1757692000
SSP,E.W. Scripps Company,19.75,Broadcast - Radio & TV,696856,1592451000
SSPPF,Ssp Group Plc,4.7,Retail - Restaurants,2810,2090804000
SSRM,Ssr Mining Inc,14.54,Mining - Misc,1799951,3119558000
SSTK,Shutterstock Inc,85.23,Internet - Content,305308,2999097000
SSYS,Stratasys Ltd,24.67,Computers - Peripheral Equpt,3532084,1342955000
STAR,Istar Financial Inc,17.69,REIT - Mortgage Trusts,608938,1269121000
STAY,Extended Stay America Inc,19.81,Hotels & Motels,5612891,3619816000
STBA,S&T Bancorp Inc,34.29,Banks - Northeast,182771,1274697000
STC,Stewart Information Services Corp,53.59,Insurance - Proprty & Casualty,195608,1342198000
STEP,Stepstone Group Inc Cl A,32.15,Finance - Misc Services,645015,2963000000
STKL,Sunopta Inc,14.87,Food - Misc & Diversified,1311565,1436744000
STMP,Stamps.com Inc,197.89,Internet Commerce,320197,3331214000
STNG,Scorpio Tankers Inc,19.77,Transportation - Ship,1575279,1061940000
STOK,Stoke Therapeutics Inc,37.8,Medical - Biomedical,224429,1441629000
STPK,Star Peak Energy Transition Corp Cl A,27.4,Machinery - Electrical,3991930,1180480000
STRA,Strayer Education,93.11,Schools,245630,2198602000
STRO,Sutro Biopharma Inc,22.74,Medical - Biomedical,663090,1032570000
STTK,Shattuck Labs Inc,30.24,Medical - Biomedical,145649,1330984000
SUBCY,Subsea 7 S.A.,10.14,Oil - Field Services,11520,3315761000
SUM,Summit Materials Inc,28.78,Building - CMT & CNT & AG,1444961,2995028000
SUMO,Sumo Logic Inc,18.13,Internet - Software,2466984,1800401000
SUN,Sunoco LP,32.37,Oil Refining & Marketing MLP,444885,3141253000
SUPN,Supernus Pharm,26.23,Medical - Generic Drugs,596260,1331014000
SURVF,Suntec Real Estate,1.155,REIT - Equity Trust Other,6300,3231471000
SVC,Service Properties Trust,12.38,REIT - Equity Trust Other,1032765,1956461000
SVMK,Svmk Inc,18.09,Internet - Services,1254880,2551747000
SWAV,Shockwave Medical Inc,104.45,Medical Instruments,459564,3797190000
SWCH,Switch Inc,15.89,Technology Services,3239715,3814226000
SWM,Schweitzer-Mauduit International,48.59,Tobacco,208134,1415291000
SWN,Southwestern Energy Company,4.81,Oil - US Exploration & Product,18538361,2886676000
SWTX,Springworks Therapeutics Inc,67.28,Medical - Biomedical,532492,3188338000
SWX,Southwest Gas Corp,67.26,Utility - Gas Distribution,881374,3927323000
SXI,Standex International Corp,95.99,Machinery - General Industrial,70559,1136226000
SXT,Sensient Technologies Corp,78.13,Chemical - Specialty,298995,3207317000
SY,So-Young International Inc ADR,9.64,Medical Services,1240192,1008699000
SYBT,Stock Yards Bancorp,52.27,Banks - Southeast,85961,1149380000
SYKE,Sykes Enterprises,46.16,Outsourcing,166236,1714097000
SYX,Systemax Inc,40.92,Industrial Services,98076,1434355000
SZGPY,Salzgitter Ag ADR,2.9,Steel - Producers,2695,1682716000
TAC,Transalta Corp,9.36,Utility - Electric Power,337017,2410055000
TALO,Talos Energy Inc,12.5,Oil - US Exploration & Product,1198615,1008685000
TARO,Taro Pharm Inds,75.99,Medical - Drugs,36049,2898043000
TAWNF,Thai Airways Intl,1.29,Transportation - Airline,177013,2870343000
TBA,Thoma Bravo Advantage Cl A,10.4,Unclassified,2053400,1172234000
TBBK,The Bancorp Inc,21.32,Banks - Northeast,610360,1203889000
TBIO,Translate Bio Inc,16.4,Medical - Drugs,1456717,1203392000
TBK,Triumph Bancorp,78.29,Banks - Southeast,180034,1873191000
TBPH,Theravance Bio Ord,20.49,Medical - Drugs,349993,1255447000
TCBK,Trico Bancshares,49.68,Banks - West,91158,1392115000
TCMD,Tactile Systems Technology Inc,51.07,Medical Instruments,168569,1013245000
TDS,Telephone and Data Systems,22.48,Wireline National,1529117,2453151000
TENB,Tenable Holdings Inc,37.8,Internet - Software,1214977,3910714000
TEO,Telecom Argentina Stet France Telecom S.A.,5.4,Wireline Non-US,399378,2356148000
TEX,Terex Corp,46.41,Machinery - Construct & Mining,697044,3000162000
TGH,Textainer Group Holdings,29.1,Transportation - Equip & Lease,674291,1330569000
TGP,Teekay Lng Partners LP,15.22,Transportation - Ship,204022,1278091000
THRM,Gentherm Inc,69.85,Auto - Truck Original Parts,205866,2157832000
THS,Treehouse Foods,54.36,Food - Misc & Diversified,584336,2922592000
TIGR,Up Fintech Holding Ltd ADR,14.47,Finance - Investment Brokers,8808113,2258644000
TINLY,Teijin Ltd ADR,18.16,Textile - Apparel,760,3483270000
TLKGY,Telkom Sa Ltd Ads,11.2,Diversified Comm Services,605,1431192000
TLND,Talend S.A.,64,Internet Software Services,930248,2063616000
TLRY,Tilray Inc,22.08,Medical - Drugs,25438494,3811310000
TLS,Telos Corp,37.71,IT Services,778020,2064816000
TMDX,Transmedics Group Inc,39.76,Medical Instruments,886293,1172257000
TMHC,Taylor Morrison Home Corp,31.37,Building - Residential & Comm,1128600,3743658000
TMP,Tompkinstrustco,84.9,Banks - Northeast,52315,1215027000
TNC,Tennant Company,80.98,Machinery - General Industrial,75131,1463512000
TOPCF,Topcon Corp,12.84,Technology Services,485,1388133000
TOWN,Towne Bank,31.35,Banks - Southeast,213421,2158563000
TPH,Tri Pointe Homes Inc,20.87,Building - Residential & Comm,1657915,2296582000
TPIC,Tpi Composites Inc,52.12,Industrial Services,1143519,1715948000
TR,Tootsie Roll Industries,33.6,Food - Confectionery,288443,2227738000
TREE,Lendingtree Inc,206.04,Finance - Mortgage & Rel Svs,332229,2687039000
TRHC,Tabula Rasa Healthcare Inc,44.52,Medical Information Systems,505451,1089216000
TRIL,Trillium Therapeutic,10.36,Medical - Drugs,1368087,1015787000
TRMK,Trustmark Corp,34.8,Banks - Southeast,271423,2092273000
TRN,Trinity Industries,28.92,Transportation - Equip & Lease,1025397,3020658000
TROX,Tronox Inc,17.74,Chemical - Diversified,1964276,2403816000
TRQ,Turquoise Hill Resources Ltd,16.29,Mining - Misc,1255644,3312262000
TRS,Trimas Corp,31.01,Metal Production & Fabrication,259357,1309589000
TRTN,Triton International Ltd,57.17,Transportation - Equip & Lease,620181,3645499000
TRUP,Trupanion Inc,76.07,Insurance - Accident & Health,465598,2958970000
TRVG,Trivago NV,4.37,Internet - Services,4574360,1455581000
TSE,Trinseo S.A.,65.48,Chemical - Plastics,534790,2400578000
TSEM,Tower Semiconductor,27.93,Electronics - Semiconductors,505933,2947956000
TSLX,Tpg Specialty Lending Inc,20.97,Finance - Mortgage & Rel Svs,575097,1421742000
TTCF,Tattooed Chef Inc,19.11,Consumer Prdts - Misc Staple,1661870,1575224000
TTGT,Techtarget Inc,68.78,Internet - Content,301963,1945673000
TTMI,TTM Technologies,14.6,Electronics - Misc Components,1304927,1515927000
TUIFY,Tui Ag ADR,2.43,Leisure & Recreation Services,70609,3004002000
TUP,Tupperware Corp,24.96,Consumer Prdts - Misc Staple,1368720,1176887000
TVTX,Travere Therapeutics Inc,23.75,Medical - Biomedical,559746,1423979000
TVTY,Tivity Health,22.89,Medical Services,456506,1087220000
TWNK,Hostess Brands Inc,14.67,Food - Confectionery,1298504,1895050000
TWO,Two Harbors Invt Corp,7.31,REIT - Mortgage Trusts,3803052,2003565000
TWOU,2U Inc,38.4,Internet - Software,2082131,2819912000
TY,Tri Continental Corp,32.14,Finance - Investment Funds,50135,1694197000
TYG,Tortoise Energy Infrastructure Corp,24.27,Finance - Investment Funds,69966,1252446000
UBEOY,Ube Industries Ltd,11.59,Chemical - Diversified,N/A,2461600000
UCBI,United Comm Banks,35.19,Banks - Northeast,489781,2863155000
UCTT,Ultra Clean Holdings,56.95,Electrical - Manufacturing,598762,2145991000
UE,Urban Edge Properties,17.34,REIT - Equity Trust Retail,958555,1939005000
UFS,Domtar Corp,36.68,Paper & Related Products,761822,1919636000
UGP,Ultrapar Participacoes S.A.,3.7,Oil - Production & Pipeline,3201469,3883707000
UIS,Unisys Corp,25.89,IT Services,470710,1641631000
UMPQ,Umpqua Holdings Corp,18.27,Banks - West,1823702,3824131000
UNFI,United Nat Foods,33.99,Food - Misc & Diversified,1723271,1857768000
UNIT,Uniti Group Inc,11.26,REIT - Equity Trust Other,2113701,2533920000
UNVR,Univar Inc,21.87,Chemical - Diversified,1163167,3491087000
UPLD,Upland Software Inc,47.98,Internet - Software,235567,1403091000
URBN,Urban Outfitters Inc,38.45,Retail - Apparel & Shoes,1533072,3512473000
USA,Liberty All-Star Equity Fund,7.63,Finance - Investment Funds,836635,1598526000
USAC,USA Compression Partners LP,15.2,Oil Field Machinery & Equip,229827,1453970000
USM,United States Cellular Corp,35.33,Wireless National,197954,2898684000
USNA,Usana Health Sciences Inc,97.86,Medical - Drugs,149163,1957376000
USNZY,Usiminas Sa ADR Regs,2.85,Steel - Producers,28635,1509437000
USPH,U.S. Physical Therapy,107.13,Medical - Outpatient & Hm Care,86999,1396745000
UTZ,Utz Brands Inc,24.36,Food - Misc & Diversified,680553,3001026000
UVV,Universal Corp,59.04,Tobacco,157502,1374310000
VBTX,Veritex Holdings,33.4,Banks - Southeast,318918,1548948000
VC,Visteon Corp,120.66,Auto - Truck Original Parts,244392,3334845000
VCEL,Vericel Corproation,51.64,Medical - Biomedical,1449219,2374763000
VCRA,Vocera Communications Inc,38.6,Communications Components,557756,1260535000
VCTR,Victory Capital Holdings Inc Cl A,26.05,Finance - Investment Mgmt,96005,1697289000
VCYT,Veracyte Inc,48.33,Medical Instruments,1309815,3223418000
VECO,Veeco Instrument,21.15,Electrical - Manufacturing,467757,1026945000
VEON,Veon Ltd,1.68,Diversified Comm Services,6219307,2951308000
VERX,Vertex Inc Cl A,24.97,Internet - Software,394353,3326788000
VET,Vermilion Energy Inc,7.57,International E&P,3210672,1219999000
VFF,Village Farms Intl,13.1,Consumer Prdts - Misc Staple,2238406,1011665000
VG,Vonage Holdings,12.01,Internet Software Services,3568315,2750417000
VGR,Vector Group Ltd,14.24,Tobacco,764659,2107846000
VIAAY,Vienna International Airport [Via],11.36,Transportation - Airline,N/A,3816960000
VIAV,Viavi Solutions,16.27,Communications Components,2255542,3579625000
VICR,Vicor Cp,85.93,Electronics - Misc Components,165481,3590069000
VIVO,Meridian Bioscience,25.38,Medical Products,859463,1111415000
VLDR,Velodyne Lidar Inc.,12.6,Auto - Truck Original Parts,5363320,2205028000
VLRS,Controladora Vuela Compaia DE,13.96,Transportation - Airline,720466,1470283000
VNE,Veoneer Inc,23.51,Auto - Truck Original Parts,529152,2623493000
VNET,21Vianet Group Inc,31.79,Internet - Services,2767987,3789200000
VNOM,Viper Energy LP,15.62,Oil - US Exploration & Product,674362,2422742000
VOR,Vor Biopharma Inc,36.58,Medical - Biomedical,353896,1379500000
VRNT,Verint Systems Inc,45.43,Computer - Software,837044,2974554000
VRRM,Verra Mobility Corp,14.13,Protection - Safety,884466,2141951000
VRTS,Virtus Inv Partners,240.08,Finance - Investment Mgmt,52127,1784042000
VSAT,Viasat Inc,49.65,Wireless Equipment,692222,3294405000
VSH,Vishay Intertechnology,24.61,Semi Discretes,1173632,3363549000
VSTO,Vista Outdoor Inc,30.85,Leisure & Recreational Prdcts,1293975,1666871000
VUZI,Vuzix Corp,22.84,Computers - Peripheral Equpt,10455940,1334295000
VVNT,Vivint Smart Home Inc,13.92,Retail - Consumer Electronics,561660,2793858000
WABC,Westamerica Bancorp,63.89,Banks - West,131975,1649434000
WAFD,Washington Federal,32.05,Banks - West,715873,2354139000
WBT,Welbilt Inc,16.15,Machinery - General Industrial,1151582,2125807000
WD,Walker & Dunlop,104.6,Finance - Mortgage & Rel Svs,224762,3078530000
WDR,Waddell & Reed Financial,25.09,Finance - Investment Mgmt,735115,1556316000
WERN,Werner Enterprise,47.13,Transportation - Truck,776517,3060450000
WGO,Winnebago Industries,73.98,Building - Mobile Homes & RV,877646,2396834000
WHD,Cactus Inc Cl A,31.8,Oil - US Integrated,893024,2286143000
WIMHY,William Hill Plc ADR,14.96,Gaming,23577,3891479000
WING,Wingstop Inc,125.13,Retail - Restaurants,625160,3736234000
WIRE,Encore Wire Cp,68.1,Wire & Cable Products,117847,1365352000
WKHS,Workhorse Grp,13.45,Auto - Truck Original Parts,20335189,1676415000
WLL,Whiting Petroleum Corp,34.53,Oil - US Exploration & Product,732952,1295190000
WLWHY,Woolworths Hdgs Gdr,3.31,Retail - Apparel & Shoes,2840,3366861000
WMK,Weis Markets,57.51,Retail - Supermarket,124888,1485039000
WNS,Wns Ltd,74.47,Business Services,146649,3574874000
WOR,Worthington Industries,69.01,Metal Production & Fabrication,335386,3323116000
WOW,Wideopenwest Inc,13.5,Cable TV,534105,1162147000
WPF,Foley Trasimene Acquisition Cl A,10.17,Unclassified,2268045,1289869000
WRE,Washington Real Estate Investment,23.23,REIT - Equity Trust Other,447486,1937246000
WRI,Weingarten Realty Investors,27.68,REIT - Equity Trust Retail,1057693,3377578000
WSBC,Wesbanco Inc,36.61,Banks - Southeast,345309,2314486000
WSFS,WSFS Financial Corp,50.8,Finance - Savings & Loan,672438,2342928000
WTM,White Mountains Insurance Group,1156.06,Insurance - Proprty & Casualty,58827,3629133000
WTS,Watts Water Technologies,118.89,Industrial Controls,200153,3879844000
WW,Weight Watchers International Inc,30.06,Leisure & Recreation Services,1848346,2095014000
WWW,Wolverine World Wide,39.64,Shoes and Related Apparel,549496,3014607000
XHR,Xenia Hotels & Resorts Inc,20.09,REIT - Equity Trust Other,699066,2159640000
XL,XL Fleet Corp,9.49,Auto - Truck Original Parts,8980005,1297886000
XNCR,Xencor Inc,42.02,Medical - Drugs,262404,2444699000
XPEL,Xpel Technologies,52.86,Auto - Truck Original Parts,304135,1418204000
XPER,Xperi Holding Corp,22.17,Technology Services,852610,2270843000
YALA,Yalla Group Limited ADR,20.94,Internet - Software,3182632,2910434000
YELP,Yelp Inc,38.65,Internet - Content,863435,2805416000
YEXT,Yext Inc,14.3,Technology Services,1468087,1734817000
YI,111 Inc ADR,13.84,Medical Information Systems,904108,1181852000
YMAB,Y-Mabs Therapeutics Inc,31.02,Medical - Biomedical,369128,1350612000
YPF,Ypf Sociedad Anonima,4.12,Oil - International Integrated,1683324,1612571000
YQ,17 Education & Technology Group Inc ADR,6.88,Schools,1656409,1469112000
ZEAL,Zealand Pharma A/S ADR,32.25,Medical - Biomedical,15231,1350174000
ZGNX,Zogenix Inc,18.76,Medical - Drugs,694287,1043935000
ZIM,Zim Integrated Shipping Services Ltd,26.04,Transportation - Ship,835937,2714795000
ZLDPF,Zealand Pharma A/S Ord,31.4,Medical - Biomedical,480,1124120000
ZNTL,Zentalis Pharmaceuticals Inc,41.17,Medical - Biomedical,300547,1648522000
ZUMZ,Zumiez Inc,43.85,Retail - Apparel & Shoes,311553,1037866000
ZUO,Zuora Inc,14.46,Internet - Software,1522333,1656880000
ZYME,Zymeworks Inc,32.21,Medical - Biomedical,396346,1462050000