Symbol,Name,Last,Industry,20D Avg Vol,Market Cap
AACQ,Artius Acquisition Inc Cl A,10.26,Unclassified,2555463,910158000
AAN,Aarons Holdings Company Inc,25.99,Consumer Services - Misc,362585,834260000
AAVVF,Advantage Oil & Gas Ltd,1.9,Oil & Gas - Drilling,113330,359290000
ABST,Absolute Software Cp,13.55,Security,96206,704202000
ABTX,Allegiance Banc CS,41.63,Banks - Southeast,101211,797806000
ABUS,Arbutus Biopharma Cp,3.36,Medical - Biomedical,1923241,318295000
AC,Associated Capital Group Inc,36.68,Finance - Investment Mgmt,24053,802534000
ACBI,Atlantic Capital,24.73,Banks - Northeast,111462,478765000
ACCO,Acco Brands Corp,8.27,Office Supply & Forms,730183,754538000
ACEL,Accel Entertainment Inc,10.81,Gaming,321661,984114000
ACET,Adicet Bio Inc,13.14,Medical - Biomedical,166842,432208000
ACIC,Atlas Crest Investment Corp Cl A,10.15,Unclassified,3602159,633125000
ACIU,AC Immune S.A.,7.63,Medical - Biomedical,326305,552406000
ACND,Ascendant Digital Acquisition Corp Cl A,9.91,Unclassified,1646880,508185000
ACRE,Ares Commercial Real Estate Cor,13.91,REIT - Mortgage Trusts,881932,464675000
ACTC,Arclight Clean Transition Corp Cl A,16.25,Unclassified,1378461,548764000
ADAG,Adagene Inc Ads,17.73,Medical - Biomedical,50360,767840000
ADAP,Adaptimmune Ther Ads,5.13,Medical - Biomedical,837756,786550000
ADTN,Adtran Inc,17.35,Communications Infrastructure,296449,778242000
ADV,Advantage Solutions Inc,11.84,Business Information,685302,670655000
ADVC,Advant-E Corp,5.1,Internet - Services,2425,304317000
ADVM,Adverum Biotechnlgs,9.94,Medical - Biomedical,891316,905102000
AEF,Aberdeen EM Equity Income Fund Inc,8.54,Finance - Investment Funds,46310,425809000
AEGN,Aegion Corp,28.71,Building & Construction - Misc,437021,880701000
AENZ,Aenza S.A.A.,2.38,Building & Construction - Misc,134923,380157000
AERI,Aerie Pharmaceuticals,17.67,Medical - Drugs,659571,851074000
AEVA,Aeva Technologies Inc,12.31,Auto - Truck Original Parts,2070201,382610000
AFIB,Acutus Medical Inc,13.5,Medical - Drugs,533756,386025000
AFMD,Affimed N.V.,7.77,Medical - Biomedical,2235556,687176000
AGC,Altimeter Growth Corp Cl A,11.67,Unclassified,867498,720855000
AGCB,Altimeter Growth Corp 2 Cl A,10.52,Unclassified,433236,527340000
AGEN,Agenus Inc,2.85,Medical - Biomedical,4612253,566977000
AGLE,Aeglea Biothera,7.64,Medical - Biomedical,245904,352437000
AGRO,Adecoagro S.A.,7.91,Agriculture Operations,625964,950738000
AGX,Argan Inc,50.66,Building & Construction - Misc,104997,784656000
AHT,Ashford Hospitality Trust Inc,2.94,REIT - Equity Trust Other,10009406,300766000
AINV,Apollo Investment Company,13.67,Finance - SBIC & Commercial,468350,867945000
AIV,Apartment Investment and Management,5.92,REIT - Equity Trust Resident,4151805,841533000
AJAX,Ajax I Cl A,10.25,Unclassified,1156252,908027000
AKBA,Akebia Therapeutics,3.16,Medical - Drugs,5355595,469716000
AKTS,Akoustis Technologies Inc,12.74,Semi Radio Frequency,912036,549413000
AKUS,Akouos Inc,17.41,Medical - Biomedical,302564,629209000
ALBO,Albireo Pharma Inc,34.92,Medical - Biomedical,182336,612221000
ALDX,Aldeyra Therapeu,11.16,Medical - Drugs,833008,503181000
ALGS,Aligos Therapeutics Inc,19.1,Medical - Biomedical,53008,731866000
ALLT,Allot Communications,15.22,Technology Services,221266,530745000
ALRS,Alerus Financial Corp,31.5,Finance - Misc Services,59826,528693000
ALT,Altimmune Inc,13.85,Medical - Drugs,1699686,490380000
ALTA,Altabancorp,42.59,Banks - West,57637,771742000
ALTG,Alta Equipment Group Inc,12.88,Machinery - General Industrial,108774,368033000
ALTM,Altus Midstream Company,53.77,Oil - Production & Pipeline,47865,851615000
ALTO,Alto Ingredients Inc,5.62,Consumer Prdts - Misc Discr,5183387,391797000
ALUS,Alussa Energy Acquisition Corp Cl A,10.13,Unclassified,1163156,362964000
AMAL,Amalgamated Financial Corp,16.16,Finance - SBIC & Commercial,98518,480727000
AMBC,Ambac Financial Group,16.89,Insurance - Proprty & Casualty,376174,769821000
AMBZ,American Business Bank,40.275,Banks - Southwest,6590,321162000
AMNB,American Natl Bksh,34.26,Banks - Southeast,27155,358259000
AMOT,Allied Motion Tech,53.82,Industrial Controls,33024,473673000
AMPE,Ampio Pharmaceuticals,1.66,Medical - Drugs,2404852,305181000
AMPH,Amphastar Pharma,18.04,Medical - Generic Drugs,264871,837667000
AMSC,Amer Superconductor,18.87,Electronics - Misc Components,369516,531781000
AMSWA,Amer Software Inc,20.72,Computer - Software,135417,671495000
AMTB,Mercantil Bank Holding Cl A,18.31,Banks - Southeast,105805,748074000
AMTX,Aemetis Inc,23.84,Biofuels,6095199,652273000
AMYT,Amryt Pharma Plc ADR,13.03,Medical - Biomedical,37775,482402000
ANAB,Anaptysbio Inc,21.21,Medical - Biomedical,923806,542668000
ANDE,Andersons Inc,28.91,Agriculture Products,192119,915487000
ANGN,Angion Biomedica Corp,18.17,Medical - Biomedical,245397,480790000
ANGO,Angiodynamics Inc,21.12,Medical Instruments,295799,782438000
ANIK,Anika Therapeutics,36.6,Medical - Biomedical,126236,487363000
ANIP,ANI Pharma Inc,32.68,Medical - Biomedical,57993,384180000
AOIFF,Africa Oil Corp,0.9397,Oil - C$ Exploration & Product,50154,436563000
AOSL,Alpha and Omega Semi,32.28,Electronics - Semiconductors,351400,786273000
AOUT,American Outdoor Brands Inc,26.1,Leisure & Recreational Prdcts,244304,345288000
APEI,American Public Eduducation,37.22,Schools,231239,673722000
APLT,Applied Therapeutics Inc,19.85,Medical - Biomedical,137859,514718000
APOG,Apogee Entrpr Inc,39.03,Glass Products,178697,972699000
APR,Apria Inc,22.49,Medical Instruments,238175,799642000
APTO,Aptose Bioscns,5.91,Medical - Biomedical,10844503,541924000
APTS,Preferred Apartment Communities,9.98,REIT - Equity Trust Resident,537800,475943000
APXT,Apex Technology Acquisition Corp Cl A,11.57,Internet - Software,1153148,508875000
APYX,Apyx Medical Corp,9.83,Medical Products,79381,334181000
AQB,Aquabounty Technologies Inc,6.44,Medical - Biomedical,3122529,446206000
ARAY,Accuray Inc,4.86,Medical Instruments,707669,440337000
ARCE,Arco Platform Ltd Cl A,25.53,Internet - Software,197158,760324000
ARCH,Arch Resources Inc,42.62,Steel - Specialty,373712,614059000
ARD,Ardagh Group S.A.,26.27,Industrial Services,119272,469112000
ARDX,Ardelyx Inc,6.25,Medical - Drugs,1218248,605895000
ARLO,Arlo Technologies Inc,6.9,Internet - Software,1538604,582044000
ARLP,Alliance Resource Pt,5.82,Coal,476650,694485000
AROW,Arrow Financial Corp,34.32,Banks - Northeast,31883,511271000
ARR,Armour Residential R,12.28,REIT - Mortgage Trusts,1639287,786104000
ARTNA,Artesian Res Cp A,39.3,Utility - Water Supply,31608,365836000
ASA,ASA Gold and Precious Metals,20.05,Finance - Investment Funds,76439,390815000
ASG,Liberty All-Star Growth Fund,8.72,Finance - Investment Funds,174926,361453000
ASIX,Advansix Inc,27.32,Chemical - Specialty,285508,728043000
ASPN,Aspen Aerogels Inc,19.61,Building & Construction - Misc,254230,532625000
ASXC,Asensus Surgical Inc,3.65,Medical Instruments,16721502,807084000
ATAC,Altimar Acquisition Corp Cl A,9.99,Finance - SBIC & Commercial,375549,334813000
ATAX,Amer First Mf Inv,5.84,Finance - Investment Mgmt,220881,339263000
ATCX,Atlas Technical Consultants Inc,9.65,Engineering & R&D Services,92544,355622000
ATEN,A10 Networks Inc,9.59,Communication Network Software,790796,722992000
ATEX,Pdvwireless,46.62,Communications Infrastructure,205928,782401000
ATHA,Athira Pharma Inc,18.09,Medical - Biomedical,327176,576934000
ATHX,Athersys Inc,1.67,Medical - Biomedical,2990729,324228000
ATLC,Atlanticus Hld Cp,26.56,Finance - Misc Services,64146,423152000
ATNI,Atn International,48.42,Wireless National,56019,745934000
ATNX,Athenex Inc,4.54,Medical - Biomedical,6707918,395315000
ATOM,Atomera Inc,23.95,Electronics - Semiconductors,737170,513374000
ATRO,Astronics Cp,17.33,Aerospace - Defense Equipment,285102,514694000
ATROB,Astronics Corp,17.1101,Aerospace - Defense Equipment,1585,529832000
ATRS,Antares Pharma,4.04,Medical - Dental Suppliers,1423273,672644000
ATTO,Atento S.A.,21.21,Outsourcing,14451,306259000
AUDC,Audiocodes Ltd,27.47,Communications Components,221951,895778000
AUTL,Autolus Therapeutics Plc ADR,6.01,Medical - Biomedical,720773,300990000
AVAN,Avanti Acquisition Corp Cl A,9.9,Unclassified,628385,749325000
AVD,American Vanguard Corp,20.7,Chemical - Specialty,108816,602731000
AVDL,Avadel Pharmaceuticals Plc,8.88,Medical - Drugs,501763,505227000
AVID,Avid Tech Inc,20.16,Computer - Software,519870,835077000
AVNW,Aviat Networks Inc,67.96,Wireless Equipment,242536,354587000
AVRO,Avrobio Inc,11.98,Medical - Biomedical,782673,466999000
AVXL,Anavex Lf SC,14.96,Medical - Biomedical,2082092,926275000
AWH,Aspira Womans Health Inc,6.81,Medical Instruments,874467,690763000
AXDX,Accelerate Diagnosti,8.47,Medical Instruments,270838,498338000
AXGN,Axogen Inc,19.17,Medical Instruments,241033,776040000
AXTI,Axt Inc,11.36,Electronics - Semiconductors,608808,463386000
AXU,Alexco Resource Corp,2.58,Mining - Silver,1204116,359085000
BANC,First Pactrust Bancorp,18.66,Banks - Southwest,357468,928261000
BBAR,Bbva Banco Frances S.A.,2.71,Banks - Foreign,385022,573906000
BBCP,Concrete Pumping Holdings Inc,6.99,Waste Removal Svcs,213915,383989000
BBDC,Barings Bdc Inc,9.99,Finance - SBIC & Commercial,438517,473865000
BBSI,Barrett Business S,70.29,Outsourcing,49310,525160000
BCEI,Bonanza Creek Energy Inc,36.39,Oil - US Exploration & Product,454467,707276000
BCEL,Atreca Inc Cl A,14.98,Medical - Biomedical,275257,513424000
BCOR,Blucora Inc,16.35,Technology Services,346707,771342000
BCOV,Brightcove Inc,20.8,Internet - Content,288400,821526000
BCSF,Bain Capital Specialty Finance Inc,15.29,Finance - SBIC & Commercial,259139,964556000
BCYC,Bicycle Therapeutics Plc ADR,26.43,Medical - Biomedical,135087,580483000
BDSI,Biodelivery Sci Intl,3.65,Medical - Biomedical,1391982,356043000
BDSX,Biodesix Inc,17.22,Medical Services,106763,483454000
BDTX,Black Diamond Therapeutics Inc,22.88,Medical - Drugs,388598,809721000
BEDU,Bright Scholar Education Holdings Ltd,5.71,Schools,51769,731830000
BEST,Best Inc,1.83,Transportation - Services,2852746,745775000
BFC,Bank First National Corp [Wisconsin],71.2,Banks - Northeast,14092,536365000
BFS,Saul Centers,41.05,REIT - Equity Trust Retail,48751,911800000
BFST,Business First Bancshares Inc,24.01,Banks - Northeast,45845,472767000
BGFV,Big 5 Sporting,14.73,Retail - Misc & Diversified,1159163,307953000
BH,Biglari Holdings Inc,136.89,Retail - Restaurants,6441,314156000
BHB,Bar Harbor Bankshares,28.95,Banks - Northeast,43565,410823000
BIOX,Bioceres Crop Solutions Corp,10.19,Agriculture Operations,186113,382265000
BIREF,Birchcliff Energy,2.1872,Oil - C$ Exploration & Product,81920,561336000
BKN,Blackrock Investment Quality Municipal,17.99,Finance - Investment Funds,33989,303320000
BKT,Blackrock Income Trust Inc,6.07,Finance - Investment Funds,235804,389162000
BLBD,Blue Bird Corp,24.15,Auto - Domestic,321278,646350000
BLCT,Bluecity Holdings Limited ADR,8.53,Internet - Software,326554,318007000
BLX,Banco Latinoamericano DE Comercio,14.97,Banks - Foreign,139934,585956000
BMA,Banco Macro S.A.,13.68,Banks - Foreign,329084,940929000
BMRC,Bank of Marin Bancrp,40.8,Banks - West,55321,522337000
BMTC,Bryn Mawr Bank Corp,46.05,Banks - Northeast,249861,892067000
BNED,Barnes & Noble Education Inc C,7.84,Consumer Prdts - Misc Discr,823917,392022000
BNFT,Benefitfocus,13.87,Internet - Software,320055,441079000
BOAC,Bluescape Opportunities Acquisition Cl A,9.94,Unclassified,256748,740396000
BOMN,Boston Omaha Corp Cl A,35.42,Real Estate Operations,150707,956045000
BOOM,Dynamic Materials,57,Industrial Services,159305,846548000
BOWX,Bowx Acquisition Corp Cl A,11.71,Unclassified,1913307,593486000
BPYU,Brookfield Property REIT Inc,18.3,REIT - Equity Trust Retail,384532,686941000
BQ,Boqii Holding Limited ADR,4.99,Retail - Misc & Diversified,909401,436522000
BRBR,Bellring Brands Inc Cl A,24.49,Medical Products,268099,938804000
BRT,BRT Realty Trust,17.9,REIT - Equity Trust Resident,70289,304541000
BRY,Berry Pete Corp,5.98,Oil - US Integrated,423010,439631000
BSRR,Sierra Bancorp,27.67,Banks - West,44806,406731000
BTAI,Bioxcel Therapeutics Inc,41.55,Medical - Biomedical,533070,992257000
BTAQ,Burgundy Technology Acquisition Corp Cl A,10.09,Unclassified,928584,432600000
BTNB,Bridgetown 2 Holdings Limited Cl A,10.33,Unclassified,342618,329875000
BTO,John Hancock Bank and Thrift Fund,38.26,Finance - Investment Funds,77903,682724000
BTWN,Bridgetown Holdings Limited Cl A,10.5,Unclassified,1671745,803983000
BUROF,Burcon Nutrascience,3.75,Food - Misc & Diversified,85779,394237000
BVH,Bluegreen Vacations Hldg Corp,18.58,Leisure & Recreation Services,41965,381144000
BVS,Bioventus Inc Cl A,14.75,Medical - Drugs,328580,862188000
BW,Babcock & Wilcox Enterprises,7.89,Electrical Power,1243075,551032000
BWB,Bridgewater Bancshares Inc,16.2,Banks - Northeast,91791,436812000
BXC,Bluelinx Holdings Inc,39.04,Building Products - Wood,150499,344825000
BXG,Bluegreen Vacations Corp,10.31,Leisure & Recreation Services,39660,710343000
BY,Byline Bancorp Inc,21.31,Banks - Northeast,101018,781547000
BYSI,Beyondspring Inc,11.14,Medical - Biomedical,225943,430562000
BZH,Beazer Homes USA,20.96,Building - Residential & Comm,601389,601759000
CAAP,Corporacion America Airports Sa,4.66,Transportation - Airline,200481,691287000
CAC,Camden Natl Cp,48.6,Banks - Northeast,50264,690875000
CAI,Cai International,47.12,Transportation - Equip & Lease,184274,738761000
CAL,Caleres Inc,20.78,Shoes and Related Apparel,616470,680431000
CALT,Calliditas Therapeutics Ab ADR,29.3,Medical - Drugs,14783,710430000
CAMP,Calamp Corp,10.99,Electronics - Misc Components,174126,369619000
CAP,Capitol Investment Corp V Cl A,9.96,Unclassified,1197536,424781000
CAPL,Crossamerica Partners LP,18.97,Oil Refining & Marketing MLP,81038,721385000
CARA,Cara Therapeutics,20.13,Medical - Biomedical,460497,969609000
CARE,Carter Bankshares Inc,13.85,Banks - Northeast,60257,352563000
CARS,Cars.com Inc,12.71,Internet Commerce,627765,829879000
CASA,Casa Systems Inc,9.7,Cable TV,640361,758610000
CASS,Cass Information Sys,46.95,Computer - Services,92905,652904000
CATC,Cambridge Bancorp,82.65,Banks - Northeast,19446,570736000
CBAT,Cbak Energy Technology Inc,5.05,Electrical Power,3284288,435244000
CBAY,Cymabay Therapeutics,4.49,Medical - Generic Drugs,1076668,308614000
CBB,Cincinnati Bell Inc,15.37,Diversified Comm Services,395442,781962000
CBTX,Cbtx Inc,31.38,Banks - Southeast,94589,737820000
CCAP,Crescent Capital Bdc Inc,17.48,Finance - SBIC & Commercial,24738,495457000
CCB,Coastal Financial Corp,26.85,Banks - West,34966,314621000
CCBG,Capital City Bank Gr,26.82,Banks - Southeast,34350,428858000
CCNE,Cnb Financial Corp,25.16,Banks - Northeast,57388,405554000
CCO,Clear Channel Outdoor Holdings,1.86,Advertising Marketing Services,2797586,856189000
CCRN,Cross Ctry Hlthcr,12.74,Staffing,244369,445279000
CCX,Churchill Capital II Cl A,10.02,Unclassified,1206320,689310000
CDAK,Codiak Biosciences Inc,15,Medical - Biomedical,132946,328700000
CDXC,Chromadex Corp CS,9.02,Medical - Biomedical,2835738,594644000
CDZI,Cadiz Inc,9.27,Agriculture Operations,200042,312076000
CEIX,Consol Energy Inc,9.93,Coal,377467,318573000
CELJF,Cellcom Israel,3.76,Wireless Non-US,47153,559373000
CEPU,Central Puerto S.A. ADR,2.13,Other Alt Energy,222487,324000000
CERS,Cerus Corp,5.96,Medical Products,3023289,980723000
CET,Central Securities Corp,37.82,Finance - Investment Funds,13823,975603000
CFB,Crossfirst Bankshares Inc,14.27,Banks - Northeast,158669,709602000
CGBD,Tcg Bdc Inc,13.8,Finance - Misc Services,227137,734904000
CGEN,Compugen Ltd,8.15,Medical - Biomedical,1746135,561044000
CGGYY,Compagnie Generale DE Gephysqu,1.255,Oil - Field Services,9950,882042000
CHPM,Chp Merger Corp Cl A,9.89,Unclassified,176196,370500000
CHPT,Chargepoint Hldgs Inc,20.48,Internet - Software,5855406,812352000
CHS,Chico's Fas,3.25,Retail - Apparel & Shoes,3079559,398618000
CHUY,Chuy's Holdings Inc,42.64,Retail - Restaurants,186183,766991000
CIA,Citizens Inc,5.97,Insurance - Life,123904,301849000
CIIC,Ciig Merger Corp Cl A,21.6,Unclassified,1549985,698609000
CIO,City Office REIT Inc,10.5,REIT - Equity Trust Other,305120,450461000
CIR,Circor International,33.81,Metal Production & Fabrication,161039,663704000
CIVB,Civista Bncshrs,22.88,Banks - Midwest,61595,343088000
CJREF,Corus Entertainmt B,4.71,Broadcast - Radio & TV,18942,979325000
CKH,Seacor Smit Inc,41,Oil - Field Services,241791,833694000
CLAR,Clarus Corp,16.38,Leisure & Recreational Prdcts,180150,496168000
CLDT,Chatham Lodging Trust REIT,13.98,REIT - Equity Trust Other,442857,624816000
CLDX,Celldex Therapeutics,23.75,Medical - Biomedical,566888,987197000
CLFD,Clearfield Inc,30.45,Wireless Equipment,149077,407139000
CLII,Climate Real Impact I Acquisition Corp,12.02,Unclassified,1243838,325450000
CLLS,Cellectis S.A. ADR,19.14,Medical - Biomedical,412278,791430000
CLMT,Calumet Specialty Pr,5.98,Oil Refining & Marketing MLP,349428,457685000
CLOV,Clover Health Investments Corp,7.59,Medical Information Systems,15093634,793845000
CLPT,Clearpoint Neuro Inc,20.03,Medical Instruments,555654,405811000
CLSK,Cleanspark Inc,21.03,Technology Services,3773396,484045000
CLVS,Clovis Oncology Inc,6.44,Medical - Biomedical,24813193,676309000
CLW,Clearwater Paper Corp,38.14,Paper & Related Products,167928,600935000
CMLF,Cm Life Sciences Inc Cl A,14.13,Unclassified,1357480,765961000
CMO,Capstead Mortgage Corp,6.41,REIT - Mortgage Trusts,1121831,610701000
CMRX,Chimerix Inc,8.92,Medical Products,970021,723131000
CMTL,Comtech Telecom Company,25.28,Wireless Equipment,238411,633373000
CNBKA,Century Bancorp Inc,91.8,Banks - Northeast,10319,503895000
CND,Concord Acquisition Corp Cl A,9.77,Finance - Misc Services,170973,341944000
CNNEF,Canacol Energy Ltd,2.825,Oil - International Integrated,5188,500344000
CNOB,Connectone Bancorp,25.9,Banks - Northeast,184185,996216000
CNSL,Consolidated Communications Holdings Inc,6.77,Wireline Regional,631678,500626000
CO,Global Cord Blood Corp,4.62,Medical Services,353322,561566000
CODX,Co-Diagnostics Inc,9.7,Medical Services,1177182,350535000
COE,China Online Education Group,19.66,Consumer Services - Misc,24885,430583000
COLL,Collegium Pharma,23.81,Medical - Drugs,365826,815028000
CONN,Conn's Inc,15.44,Retail - Consumer Electronics,250014,403293000
CONX,Conx Corp Cl A,10.03,Unclassified,714348,956073000
COWN,Cowen Group Inc,34.34,Finance - Investment Brokers,974137,906082000
CPAC,Cementos Pacasmayo S.A.A,7.93,Building - CMT & CNT & AG,7556,707863000
CPF,Central Pacific Financial Company,26.83,Banks - West,241200,731949000
CPLG,Corepoint Lodging Inc,9.29,REIT - Equity Trust Other,283924,505769000
CPPMF,Copper Mtn Mng Corp,2.36,Mining - Non Ferrous,156700,451907000
CPRX,Catalyst Pharm Inc,4.38,Medical - Drugs,1972814,445409000
CPS,Cooper Std Hld Inc,34.88,Auto - Truck Original Parts,130934,541549000
CPSI,Computer Programs,30.98,Medical Information Systems,75958,445725000
CPSR,Capstar Special Acquisition Corp Cl A,9.82,Unclassified,157107,336720000
CRAI,Cra International,69.16,Consulting,55543,511477000
CRD.A,Crawford CO Cl A,10.87,N/L,49586,555982000
CRD.B,Crawford CO Cl B,9.92,N/L,7114,517601000
CRDF,Cardiff Oncology Inc,9.96,Medical - Biomedical,1033828,380777000
CRF,Cornerstone Strategic Return Fund,13.32,Finance - Investment Funds,415287,526777000
CRIS,Curis Inc,11.41,Medical - Biomedical,2130595,606403000
CRMT,America's Car-Mart,153.99,Retail - Wsale Auto & Trucks,40462,956885000
CRNT,Ceragon Networks Ltd,3.91,Wireless Non-US,1752241,316544000
CRNX,Crinetics Pharmaceuticals Inc,15.83,Medical - Drugs,122456,528398000
CRSA,Crescent Acquisition Corp Cl A,10.06,Unclassified,424989,313438000
CRTX,Cortexyme Inc,33.63,Medical - Biomedical,332979,984673000
CRY,Cryolife,22.64,Medical Instruments,157448,859781000
CSPR,Casper Sleep Inc,7.79,Retail - Home Furniture,604406,317093000
CSR,Centerspace,69.68,REIT - Equity Trust Resident,49836,897133000
CSSE,Chicken Soup For The Soul Entertainment Inc,23.98,Broadcast - Radio & TV,55829,349836000
CSTE,Caesarstone Sdot-Yam,13.73,Building & Construction - Misc,256863,448025000
CSTR,Capstar Financial Holdings Inc,17.58,Banks - Southeast,108392,373219000
CSV,Carriage Services,35.24,Funeral Services & Related,112349,623527000
CSWC,Capital Southwest,21.97,Finance - Investment Mgmt,159118,431136000
CTAC,Cerberus Telecom Acquisition Corp Cl A,9.9,Unclassified,421138,334142000
CTAQ,Carney Technology Acquisition Corp II Cl A,9.81,Technology Services,109117,498815000
CTBI,Community TR Bancp,45.03,Banks - Southeast,73005,767944000
CTMX,Cytomx Thera,7.62,Medical - Biomedical,928999,513089000
CTRN,Citi Trends Inc,85.58,Retail - Apparel & Shoes,263112,809801000
CTS,Cts Corp,30.71,Electronics - Misc Components,197333,976262000
CTSO,Cytosorbents Cor,8.46,Medical Products,316836,369042000
CTT,Catchmark Timber Trust Inc,10.31,Building Products - Wood,218081,486187000
CUBI,Customers Bancorp,32.06,Banks - Southeast,271443,964515000
CUE,Cue Biopharma Inc,11.67,Medical - Biomedical,370010,366093000
CURI,Curiositystream Inc,14.09,Movie & TV Production & Dist,921623,682431000
CURO,Curo Group Holdings Corp,14.72,Finance - Consumer Loans,260762,576478000
CUSI,Cuisine Solutions,15.35,Food - Misc & Diversified,3065,343752000
CUTR,Cutera Inc,28.89,Lasers - Systems & Components,422140,522289000
CVGI,Commercial Vehicle G,10.16,Auto - Truck Original Parts,349941,320253000
CVLG,Covenant Logistics Group Inc,19.87,Transportation - Truck,96400,320880000
CVM,Cel-Sci Corp,16.44,Medical - Biomedical,705682,684129000
CXRXF,Concordia International,16.65,Medical - Drugs,6908,811956000
CYD,China Yuchai International,15.4,Auto - Truck Original Parts,34504,622706000
CZNC,Citizens Nrthn Cp,24.01,Banks - Northeast,40686,363703000
DAC,Danaos Corp,54.79,Transportation - Ship,659904,997093000
DAKT,Daktronics Inc,6.19,Electronics Products - Misc,396566,371480000
DBMG,Dbm Global Inc,68,Steel - Pipe & Tube,282,631150000
DBTX,Decibel Therapeutics Inc,11.51,Medical - Biomedical,223330,304990000
DBVT,Dbv Technologies Ads,5.33,Medical - Biomedical,142789,595430000
DCO,Ducommun Inc,56.35,Aerospace - Defense Equipment,58714,639810000
DCOM,Dime Community Bancshares Inc,30.87,Banks - Southeast,173155,589836000
DEH,D8 Holdings Corp Cl A,10.02,Unclassified,223540,420038000
DESP,Despegar.com Corp,13.39,Transportation - Services,660615,936069000
DFIN,Donnelly Financial Solutions Inc,27.45,Internet Software Services,313159,860291000
DGICA,Donegal Group Cl A,14.98,Insurance - Proprty & Casualty,94393,436580000
DGICB,Donegal Group Cl B,14.05,Insurance - Proprty & Casualty,966,407515000
DGII,Digi Intl Inc,19.48,Computer - Networks,478445,543377000
DGNR,Dragoneer Growth Opportunities Corp Cl A,10.27,Unclassified,623209,702420000
DGNS,Dragoneer Growth Opportunities Corp II Cl A,10.32,Unclassified,182083,309868000
DHIL,Diamond Hill Inv,161.75,Finance - Investment Brokers,19582,501302000
DHT,Dht Holdings,6.51,Transportation - Ship,3042843,902217000
DIIBF,Dorel Inds Cl B,10.4665,Furniture,13168,328967000
DJCO,Daily Journal Cp,316.25,Publishing - Newspapers,6250,432765000
DLTH,Duluth Hld Cl B,15.73,Textile - Apparel,301563,441960000
DMLP,Dorchester Minls,14,Oil - US Royalty Trusts,49106,483092000
DMRC,Digimarc Corp,32.5,Protection - Safety,171673,570271000
DMS,Digital Media Solutions Inc,12.72,Technology Services,196642,423053000
DMYD,Dmy Technology Group Inc II Cl A,15.45,Unclassified,608101,554070000
DMYI,Dmy Technology Group Inc III Cl A,10.52,Unclassified,1372617,398771000
DNN,Denison Mines Corp,1.08,Mining - Misc,27960227,807226000
DRD,Drdgold Ltd,9.36,Mining - Gold,304158,776402000
DRIO,Dario Health Corp,20.74,Medical Instruments,421882,302253000
DRRX,Durect Corp,1.97,Medical - Drugs,1549321,443044000
DSKE,Daseke Inc,8.46,Transportation - Services,659989,452602000
DSM,Dreyfus Strategic Muni Bond Fund,7.77,Finance - Investment Funds,66542,484616000
DSPG,D S P Group Inc,14.35,Semi Communications,179204,344251000
DSSI,Diamond S Shipping Inc,9.58,Transportation - Ship,338954,375283000
DSU,Blackrock Debt Strategies Fund,11,Finance - Investment Funds,164916,514530000
DTIL,Precision Biosciences Inc,9.97,Medical - Biomedical,849841,532819000
DUO,Fangdd Network Group Ltd ADR,6.78,Real Estate Operations,69744,493736000
DX,Dynex Capital,18.78,REIT - Mortgage Trusts,707238,494669000
DXPE,Dxp Enterprise,30.51,Machinery - General Industrial,117214,562198000
DYN,Dyne Therapeutics Inc,14.71,Medical - Drugs,335519,720412000
DZSI,Dasan Zhone Solutions Inc,15.6,Communications Infrastructure,134178,409310000
EBF,Ennis Inc,21.19,Office Supply & Forms,164126,532089000
EBIX,Ebix Inc,31.2,Computer - Services,647225,896688000
EBON,Ebang International Holdings Inc Cl A,7.8,Machinery - Tools & Related,26257070,971630000
EBSB,Meridian Bncp,19.06,Finance - Savings & Loan,160149,946669000
EBTC,Enterprise Bancorp,32.93,Banks - Northeast,17745,379786000
ECHO,Echo Global Logistic,31.23,Transportation - Services,234769,778816000
ECOM,Channeladvisor Corp,21.37,Internet Software Services,249524,617201000
EEX,Emerald Expositions Events Inc,5.71,Consumer Services - Misc,274575,419040000
EFC,Ellington Financial Llc,16.16,Finance - Mortgage & Rel Svs,302878,702701000
EGLE,Eagle Bulk Ship,37.25,Transportation - Ship,161352,442722000
EGRX,Eagle Pharmaceuticals,41.75,Medical Products,126669,553131000
ELLO,Ellomay Capital Ltd,30.64,Utility - Electric Power,1295,351717000
EMD,Western Asset Emerging Market Debt Fund Inc,13.17,Finance - Investment Funds,200462,305480000
EMF,Templeton Emerging Markets Fund,18.98,Finance - Investment Funds,30808,303044000
EMPW,Empower Ltd Cl A,9.98,Unclassified,613633,309688000
ENPC,Executive Network Partnering Corp Cl A,9.77,Unclassified,129831,431955000
ENQUF,Enquest Plc London,0.2,International E&P,13910,474825000
ENTA,Enanta Pharmaceutica,50.09,Medical - Drugs,172612,964625000
EOLS,Evolus Inc,11.77,Medical Products,1290319,557196000
EOSE,Eos Energy Enterprises Inc,18,Industrial Services,1017476,980593000
EPIX,Essa Pharma,29.79,Medical - Drugs,250186,966108000
EPZM,Epizyme Inc,7.89,Medical - Biomedical,1504070,800030000
EQBK,Equity Bncsrs Cm A,28.54,Banks - Northeast,37884,394024000
EQD,Equity Distribution Acquisition Corp Cl A,10,Unclassified,294146,508703000
EQOS,Diginex Ltd.,11.52,Finance - Misc Services,692634,435489000
ERES,East Resources Acquisition Company Cl A,9.78,Unclassified,79825,421331000
ESGC,Eros Stx Global Corp,1.94,Movie & TV Production & Dist,13932891,329316000
ESPR,Esperion Theraptc,27.39,Medical - Drugs,583630,752784000
ESTE,Earthstone Energy,7.32,Oil - US Exploration & Product,435060,556782000
ETAC,E.Merge Technology Acquisition Corp Cl A,9.76,Unclassified,449924,593028000
ETH,Ethan Allen Interiors Inc,27.69,Retail - Home Furniture,314711,669098000
ETM,Entercom Communications Corp,5.22,Broadcast - Radio & TV,1985461,707223000
ETNB,89Bio Inc,25.12,Medical - Biomedical,115909,433163000
ETWO,E2Open Parent Hldg Inc,10.32,Internet - Software,2465045,564663000
EVC,Entravision Communications Corp,3.91,Broadcast - Radio & TV,669763,343479000
EVER,Everquote Inc Cl A,34.35,Insurance - Multi Line,246320,998049000
EVI,Evi Industries Inc,28.21,Industrial Services,24453,342170000
EVLO,Evelo Biosciences Inc,11.31,Medical - Biomedical,250756,626153000
EVN,Eaton Vance Muni Income Trust,13.71,Finance - Investment Funds,72164,541454000
EXK,Endeavour Silver Corp,5.12,Mining - Silver,5167426,818036000
EXPC,Experience Investment Corp Cl A,10.74,Business Services,1516108,337813000
FAII,Fortress Value Acquisition Corp II Cl A,9.98,Unclassified,651566,425213000
FANH,Fanhua Inc,15.02,Insurance - Brokers,61307,807036000
FBAK,First Natl Bk Alaska,219,Banks - West,291,694341000
FBIO,Fortress Biotech Inc,3.71,Medical - Biomedical,1491407,341079000
FBMS,First Bancshs [Ms],37.56,Banks - Southeast,72482,744878000
FBRX,Forte Biosciences Inc,30.02,Medical - Biomedical,321818,337860000
FC,Franklin Covey Company,27.32,Consulting,96049,364936000
FCAC,Falcon Capital Acquisition Corp Cl A,9.93,Unclassified,688745,428231000
FCBC,First Community Bksh,30.15,Banks - Southeast,58542,501181000
FDBC,Fidelity D & D Bancorp Inc,64.02,Banks - Northeast,10596,309721000
FDUS,Fidus Investment Cor,15.39,Finance - SBIC & Commercial,190579,364600000
FF,Futurefuel Corp,14.43,Biofuels,176013,594905000
FFIC,Flushing Finl Corp,22.19,Finance - Savings & Loan,206261,676345000
FHTX,Foghorn Therapeutics Inc,13.28,Medical - Drugs,129999,478621000
FI,Frank's International N.V.,3.71,Oil - Production & Pipeline,1851495,793023000
FIII,Forum Merger III Corporation Cl A,10.2,Unclassified,1135453,320230000
FISI,Financial Institut,30.01,Banks - Northeast,82668,448858000
FIXX,Homology Medicines Inc,9.54,Medical - Generic Drugs,449491,474587000
FLDM,Fluidigm Corp,4.34,Medical Instruments,2020845,309370000
FLIC,First of Long Isla,20.78,Banks - Northeast,96862,471399000
FLMN,Falcon Minerals Corp Cl A,4.51,Oil - Field Services,376781,388343000
FLNG,Flex Lng Ltd,9.12,Transportation - Ship,65312,470696000
FLNT,Fluent Inc,4.19,Advertising Marketing Services,1872327,331517000
FLXN,Flexion Therapeutics,9.05,Medical - Drugs,1151923,451313000
FLY,Fly Leasing Ltd,13.25,Transportation - Equip & Lease,449698,394119000
FMAC,Firstmark Horizon Acquisition Corp Cl A,9.98,Unclassified,554943,515430000
FMBH,First Mid Ill Bncshr,44.74,Banks - Northeast,64163,761787000
FMBL,Farmers & Merch Bk,7605,Banks - West,141,974897000
FMNB,Farmers Natl Banc Cp,16.5,Banks - Midwest,80110,445505000
FNGR,Fingermotion Inc,11,Technology Services,13238,349738000
FNKO,Funko Inc Cl A,19.48,Consumer Prdts - Misc Discr,4781760,957921000
FNLC,First Bancorp Inc,29.48,Banks - Northeast,23205,308431000
FORR,Forrester Resrch,42.97,Computer - Services,42795,804122000
FOSL,Fossil Group,13.83,Retail - Apparel & Shoes,1082365,611614000
FPAC,Far Peak Acquisition Corporation Cl A,9.76,Unclassified,496927,684248000
FPI,Farmland Partners Inc,11.49,REIT - Equity Trust Other,415622,345679000
FREE,Whole Earth Brands Inc,13.13,Consumer Prdts - Misc Staple,321942,513385000
FRGI,Fiesta Restaurant Gp,13.6,Retail - Restaurants,125257,340877000
FRLN,Freeline Therapeutics Holdings Plc Adss,13.56,Medical - Biomedical,11501,516962000
FRPH,Frp Holdings Inc,49,Real Estate Operations,18253,450614000
FRSX,Foresight Autonomous Holdings Ltd ADR,6.06,Technology Services,5918315,374610000
FSP,Franklin Street Properties,5.54,REIT - Equity Trust Other,608447,577425000
FSRV,Finserv Acquisition Corp Cl A,13.86,Unclassified,664290,425746000
FST,Fast Acquisition Corp Cl A,12.72,Unclassified,581326,307000000
FTHM,Fathom Holdings Inc,40.59,Technology Services,134341,538271000
FTIV,Fintech Acquisition Corp IV Cl A,11.17,Unclassified,239768,349113000
FTSI,Fts International Inc Cl A,25.49,Oil - US Exploration & Product,113895,320231000
FULC,Fulcrum Therapeutics Inc,11.3,Medical - Biomedical,120978,375728000
FUSE,Fusion Acquisition Corp Cl A,9.98,Unclassified,1618058,433125000
FUSN,Fusion Pharmaceuticals Inc,10.12,Medical - Drugs,44941,458986000
FUV,Arcimoto Inc,14.22,Auto - Truck Original Parts,1777274,480524000
FWAA,Fifth Wall Acquisition Corp I Cl A,10.14,Unclassified,122486,382273000
FXTGY,Foxtons Group Plc,1.8525,Finance - Investment Brokers,8235,302526000
GAIN,Gladstone Investment,12.27,Finance - SBIC & Commercial,164846,399456000
GAM,General American Investors,39.56,Finance - Investment Funds,25667,959736000
GAN,Gan Ltd,19.98,Internet - Software,1248736,844206000
GATO,Gatos Silver Inc,11.49,Mining - Silver,543157,695992000
GBL,Gamco Investors,18.4,Finance - Investment Mgmt,25594,507862000
GBLI,Global Indemnity Plc,29.79,Insurance - Proprty & Casualty,9385,416246000
GBOX,Greenbox Pos,13.5,Financial Transaction Services,438895,500576000
GCI,Gannett CO Inc,5.35,Advertising Marketing Services,2075442,693780000
GCO,Genesco Inc,48,Retail - Apparel & Shoes,145297,631912000
GDEN,Golden Entmt,27.61,Gaming,190028,710733000
GDYN,Grid Dynamics Holdings Inc,15.77,IT Services,129953,833947000
GEO,Geo Group Inc,7.9,REIT - Equity Trust Other,3808890,923146000
GERN,Geron Corp,1.59,Medical - Biomedical,3981481,493723000
GFN,General Finance Corp,11.57,Business Services,52631,347017000
GFX,Golden Falcon Acquisition Corp Cl A,9.75,Unclassified,155891,417019000
GHL,Greenhill & CO Inc,16.27,Finance - Investment Brokers,190116,313753000
GHVI,Gores Holdings VI Inc Cl A,14.07,Unclassified,2304063,481275000
GILT,Gilat Satellite Ntwk,10.42,Satellite Communication,1575844,580046000
GIM,Templeton Global,5.3,Finance - Investment Funds,375500,712305000
GLAD,Gladstone Cap Corp,9.96,Finance - SBIC & Commercial,221309,316453000
GLDD,Great Lakes Drg Dock,14.41,Building - Heavy Construction,357999,901912000
GLOG,Gaslog Ltd,5.75,Transportation - Ship,1885824,552021000
GLP,Global Partners LP,21.85,Oil Refining & Marketing MLP,163816,732932000
GLRE,Greenlight Cap. Re.,8.76,Insurance - Proprty & Casualty,378400,303681000
GLT,Glatfelter,17.5,Engineering & R&D Services,267372,733403000
GMRE,Global Medical REIT Inc,13.23,REIT - Equity Trust Other,812759,681849000
GNK,Genco Shipping & Trading Ltd,10.5,Transportation - Ship,1193016,431274000
GNLN,Greenlane Holdings Inc Cl A,4.79,Food - Misc & Diversified,338722,484390000
GNOG,Golden Nugget Online Gaming Inc,13.56,Gaming,2564371,508133000
GNTY,Guaranty Bancshares Inc,34.43,Banks - Southwest,31495,404411000
GNUS,Genius Brands International Inc,2.54,Consumer Prdts - Misc Discr,44404492,814097000
GOAC,Go Acquisition Corp Cl A,9.86,Unclassified,381906,557175000
GOEV,Canoo Inc,12.46,Auto - Domestic,6093154,484431000
GOGL,Golden Ocean Gp,7.16,Transportation - Ship,987795,985753000
GOGO,Gogo Inc,9.63,Wireless National,2767418,819466000
GOOD,Gladstone Comml,19.73,REIT - Equity Trust Other,248814,700908000
GOSS,Gossamer Bio Inc,9.17,Medical - Biomedical,770560,657849000
GP,Greenpower Motor Company Inc,19.62,Auto - Foreign,326614,422948000
GPMT,Granite Point Mortgage Trust Inc,12.45,REIT - Mortgage Trusts,485752,660194000
GPRE,Green Plains Inc,27.12,Chemical - Specialty,1212595,916944000
GPRK,Geopark Hlds Lmtd,15.55,Oil - US Exploration & Product,235553,897027000
GRC,Gorman-Rupp Company,34.05,Machinery - General Industrial,93873,853503000
GRSV,Gores Holdings V Inc,10,Unclassified,923743,649031000
GRTS,Gritstone Oncology Inc,10.99,Medical - Biomedical,595727,574207000
GRVY,Gravity CO Ltd,120.75,Internet - Content,46523,788909000
GSAH,GS Acquisition Holdings Corp II Cl A,10.43,Unclassified,3144990,973125000
GSBC,Great Southern Bncp,57.7,Finance - Savings & Loan,38197,752539000
GSL,Global Ship Lease Inc,15.29,Transportation - Ship,481112,507510000
GSM,Ferroglobe Plc Os,3.83,Chemical - Specialty,1817788,554750000
GSS,Golden Star Resources Ltd,3.14,Mining - Gold,675788,346187000
GTHX,G1 Therapeutics Inc,21.98,Medical - Biomedical,1347377,857642000
GTS,Triple-S Management Corp,26.5,Medical - HMO,115881,618784000
GTXMQ,Garrett Motion Inc,5.02,Auto - Truck Original Parts,512628,360875000
GTYH,Gty Technology Holdings Inc,6.44,Internet - Software,243097,356698000
GWRS,Global Water Reso,16.65,Utility - Water Supply,46623,369607000
GXGX,Gx Acquisiton Corp Cl A,10.06,Medical - Biomedical,763698,360808000
HAAC,Health Assurance Acquisition Corp Cl A,10.52,Unclassified,982243,576454000
HAFC,Hanmi Financial Cp,19.72,Banks - West,277030,580551000
HARP,Harpoon Therapeutics Inc,19.75,Medical - Drugs,280514,636189000
HAYN,Haynes Intl Inc,29.21,Steel - Specialty,80311,349389000
HBCP,Home Bancorp Inc,36.72,Banks - Southeast,32564,310884000
HBMD,Howard Bancorp MD,17,Banks - Northeast,28029,300512000
HBNC,Horizon Bancorp,18.73,Banks - Northeast,155339,787028000
HBT,Hbt Financial Inc,17.22,Banks - Northeast,44410,459134000
HCAR,Healthcare Services Acquisition Corporation Cl A,9.74,Unclassified,144210,349560000
HCC,Warrior Met Coal Inc,17.13,Coal,800470,819594000
HCCI,Heritage-Crystal,28.15,Pollution Controls,66153,599527000
HCHC,Hc2 Holdings Inc,3.97,Conglomerates - Div Operations,617795,310850000
HCI,Homeowners Choice,77.82,Insurance - Proprty & Casualty,170596,619369000
HCKT,Hackett Grp Inc,16.5,Consulting,174705,481484000
HCMC,Healthier Choices Management Corp,0.0012,Medical - Dental Suppliers,2147000000,371396000
HEAR,Turtle Beach Corp,26.25,Communications Components,575777,384603000
HEC,Hudson Executive Investment Corp Cl A,9.92,Unclassified,1267570,413172000
HESM,Hess Midstream Partners LP,21.31,E&P MLP,301983,372458000
HEXO,Hexo Corp,6.34,Medical Products,3843240,802892000
HFFG,HF Foods Group Inc,7.5,Food - Misc & Diversified,97987,390386000
HFWA,Heritage Financial,29.18,Finance - Savings & Loan,165678,986585000
HGEN,Humanigen Inc,13.99,Medical - Biomedical,1388955,690185000
HIFS,Hingham Inst For Svg,279.5,Banks - Northeast,6329,567802000
HIGA,H.I.G. Acquisition Corp Cl A,9.86,Unclassified,265743,446860000
HLFDY,Halfords Group Plc Redditch Worcestershire ADR,9.7572,Auto - Truck Original Parts,3600,971407000
HLIT,Harmonic Inc,8.08,Communications Components,539799,775513000
HLX,Helix Energy Solutions Group,5.08,Oil - Field Services,2727968,743025000
HMHC,Houghton Mifflin Har,5.98,Business Services,1414786,714770000
HMLP,Hoegh Lng Partners LP,14.92,Transportation - Ship,391567,482357000
HMST,Homestreet Inc,45.77,Finance - Savings & Loan,200879,951045000
HMTV,Hemisphere Media A,11.85,Cable TV,80317,503521000
HNGR,Hanger Inc,23.95,Medical - Outpatient & Hm Care,171224,878930000
HOFT,Hooker Furniture,36.82,Furniture,52252,419136000
HOFV,Hall of Fame Resort & Ent CO,5.15,Hotels & Motels,47508875,436402000
HOL,Holicity Inc Cl A,12.42,Unclassified,1699725,449438000
HOLI,Hollysys Automation,12.72,Industrial Robotics,484566,782138000
HONE,Harborone Bancorp Inc,14.05,Banks - Northeast,307862,760434000
HOOK,Hookipa Pharma Inc,13.86,Medical - Biomedical,262276,341765000
HOV,Hovnanian Enterprises Inc,110.04,Building - Residential & Comm,172624,586196000
HPK,Highpeak Energy Inc,6.5,Oil - US Exploration & Product,307119,615922000
HPX,Hpx Corp Cl A,9.76,Unclassified,118979,303916000
HQL,Tekla Life Sciences Investors,19.65,Finance - Investment Funds,86102,447611000
HRTG,Heritage Insurance Holdings,11.54,Insurance - Proprty & Casualty,169976,310412000
HSII,Heidrick & Struggl,35.33,Staffing,120697,665597000
HSTM,Healthstream Inc,22.61,Internet - Services,127157,711449000
HT,Hersha Hospitality Trust,11.19,REIT - Equity Trust Other,630946,412124000
HTBI,Hometrust Bancshares,25.2,Banks - Southeast,59507,394481000
HTBK,Heritage Commerce,12.09,Banks - West,527748,682189000
HUIZ,Huize Holding Limited ADR,8.55,Insurance - Brokers,207168,474530000
HVT,Haverty Furniture Companies,36.39,Retail - Home Furniture,242187,655814000
HVT.A,Haverty Furn Cl A SC,36.89,N/L,390,671840000
HWKN,Hawkins Inc,33.47,Chemical - Specialty,105751,673799000
HZAC,Horizon Acquisition Corp Cl A,9.96,Unclassified,271870,671820000
HZON,Horizon Acquisition Corp II Cl A,10.29,Unclassified,2546654,682828000
IBCP,Independent Bk Cp,23.79,Banks - Midwest,111317,489264000
IBEX,Ibex Limited Common Share,21.07,Business Services,26127,375851000
IBIO,Ibio Inc,1.62,Medical - Biomedical,6083166,319695000
ICAD,Icad Inc,18.29,Computer - Software,243705,473442000
ICPT,Intercept Pharmaceuticals,23.13,Medical - Biomedical,1197809,673526000
IDEX,Ideanomics Inc,2.79,Technology Services,26901725,635663000
IDT,IDT Corp,22.8,Diversified Comm Services,155078,558233000
IDYA,Ideaya Biosciences Inc,22.6,Medical - Biomedical,212202,620354000
IESC,Ies Holdings,49.12,Electronic Misc Services,57611,958328000
IFN,India Fund,20.98,Finance - Investment Funds,107944,568503000
IGAC,IG Acquisition Corp Cl A,9.72,Unclassified,196476,375821000
IGIC,International General Insurance Hldg Inc,7.15,Insurance - Multi Line,11415,366744000
IH,Ihuman Inc ADR,12.8,Schools,104877,724518000
IHC,Independence Holding Company,42,Insurance - Multi Line,8922,604097000
IIAC,Investindustrial Acquisition Corp Cl A,9.8,Unclassified,96801,491055000
IIF,Morgan Stanley India Investment Fund Inc,23.69,Finance - Investment Funds,19468,311052000
IIIN,Insteel Industries,30.73,Wire & Cable Products,127429,593712000
IIIV,I3 Verticals Inc Cl A,31.62,Internet - Software,192714,994633000
IIM,Invesco Insured Muni Income Trust,15.46,Finance - Investment Funds,94861,726560000
IMNM,Immunome Inc,31.88,Medical - Biomedical,92364,339558000
IMPX,Aea-Bridges Impact Corp Cl A,9.95,Unclassified,389371,502125000
IMUX,Immunic Inc,14.75,Medical - Biomedical,199266,300797000
IMXI,International Money Express Inc,15.28,Financial Transaction Services,200723,589321000
INBK,First Internet Bcp,36.4,Banks - Northeast,50424,335953000
INBX,Inhibrx Inc,18.06,Medical - Biomedical,118643,682484000
INDT,Indus Realty Trust Inc [Md],62.09,REIT - Equity Trust Other,59099,345443000
INFU,Infusystems Holdings,20.35,Medical Products,121408,411621000
INS,Intelligent Systems Corp,39.23,Technology Services,55900,340280000
INSG,Inseego Corp,9.74,Internet - Software,5542803,948987000
INSW,International Seaways Inc,20.01,Transportation - Ship,254943,532005000
INTZ,Intrusion Inc,23.05,Computer - Networks,238757,420936000
INZY,Inozyme Pharma Inc,18.89,Medical - Biomedical,62607,415338000
IOCJY,Iochpe-Maxion S.A.,0.9,Auto - Truck Original Parts,1435,496892000
IPHA,Innate Pharma S.A. Ads,4.38,Medical - Biomedical,6004,338867000
IPI,Intrepid Potash Inc,31.88,Fertilizers,215881,405042000
IPOD,Social Capital Hedosophia Corp IV Cl A,11.2,Unclassified,1083814,635375000
IQEPF,Iqe Plc,1,Electronics - Semiconductors,2580,796816000
IQI,Invesco Quality Muni Income Trust,12.9,Finance - Investment Funds,92910,676915000
IRCP,Irsa Propiedades Ads,9.67,Real Estate Operations,18490,309258000
ISEE,Iveric Bio Inc,6.12,Medical - Biomedical,578386,527325000
ITIC,Investors Title Company,168.97,Insurance - Proprty & Casualty,3880,314987000
ITMR,Itamar Medical Ltd ADR,24.18,Medical Information Systems,46846,353570000
ITRN,Ituran Location,21.47,Protection - Safety,64405,492635000
IVA,Inventiva S.A. ADR,14.27,Medical - Biomedical,35108,557082000
IVR,Invesco Mortgage Capital Inc,3.96,REIT - Mortgage Trusts,11131615,895690000
JAGGF,Jaguar Mining Inc,5.16,Mining - Gold,54360,366404000
JFIN,Jiayin Group Inc ADR,8.92,Internet - Software,12244536,528580000
JFU,9F Inc ADR,1.69,Finance - Misc Services,3234913,341185000
JG,Aurora Mobile Ltd ADR,4.25,Internet - Software,1950955,505937000
JIH,Juniper Industrial Holdings Inc Cl A,12.05,Unclassified,616146,482138000
JNCE,Jounce Therapeutics Inc,9.97,Medical - Drugs,667468,450308000
JOAN,Joann Inc,10.4,Retail - Misc & Diversified,N/A,440044000
JYNT,The Joint Corp,45.68,Medical - HMO,224213,602223000
KALA,Kala Pharmaceuticals Inc,7.02,Medical - Biomedical,2487896,439481000
KALV,Kalvista Pharmaceuticals Inc,28,Medical - Drugs,385885,709551000
KBAL,Kimball Intl Cl B,13.73,Furniture,309608,490530000
KCLI,Kansas City Life Insurance Company,44.5,Insurance - Life,5017,426729000
KDMN,Kadmon Holdings Llc,3.85,Medical - Biomedical,3757937,652905000
KDNY,Chinook Therapeutics Inc,16.73,Medical - Drugs,128305,760530000
KE,Kimball Electrnc,26.13,Electronics Products - Misc,190998,620930000
KELYA,Kelly Svcs Cl A,22.33,Staffing,324461,820233000
KELYB,Kelly Services Inc Cl B,20.18,Staffing,1200,797830000
KIDS,Orthopediatrics Corp,46.99,Medical Instruments,222194,923926000
KIRK,Kirkland's Inc,26,Retail - Home Furniture,983018,351838000
KLDI,Kldiscovery,8.2,Technology Services,550,348738000
KLDO,Kaleido Biosciences Inc,7.67,Medical - Biomedical,244614,373285000
KLMR,Klm Koninklijke Luchtvaart Mij NV EUR [Netherlan,15,Transportation - Airline,369,770025000
KLR,Kaleyra Inc,15.12,Communication Network Software,544976,459462000
KNDI,Kandi Techs Group,5.93,Leisure & Recreational Prdcts,3103984,372274000
KNL,Knoll Inc,16.82,Business Office Products,320878,829662000
KNOP,Knot Offshore Partners LP,18.29,Transportation - Ship,153394,580247000
KODK,Eastman Kodak,8.31,Electronics Products - Misc,6296051,600548000
KOP,Koppers Holdings Inc,35.35,Chemical - Diversified,166989,691203000
KOPN,Kopin Cp,8.84,Electronics Products - Misc,6351562,767707000
KPTI,Karyopharm Therapeut,10.3,Medical - Drugs,2231055,768730000
KRP,Kimbell Royalty Partners,10.5,Oil - US Royalty Trusts,126372,602353000
KSMT,Kismet Acquisition One Corp,9.91,Unclassified,243570,310833000
KTF,Scudder Municiple Income Trust,11.45,Finance - Investment Funds,60550,453471000
KVSA,Khosla Ventures Acquisition Co. Cl A,10.11,Unclassified,N/A,358282000
KZR,Kezar Life Sciences Inc,6.17,Medical - Biomedical,209600,317716000
LABP,Landos Biopharma Inc,10.46,Medical - Biomedical,218289,440192000
LAND,Gladstone Land Corp,18.32,REIT - Equity Trust Other,277295,478700000
LAWS,Lawson Products IN,51.85,Metal Products - Distribution,15657,454681000
LBAI,Lakeland Bancorp Inc,17.8,Banks - Northeast,207742,853972000
LBC,Luther Burbank Corp,11.77,Banks - Southwest,63488,589143000
LBTI,Lithium & Boron Technology Inc,1.8,Machinery - Electrical,15487,345934000
LCTX,Lineage Cell Therapeutics Inc,2.37,Medical - Biomedical,1742065,381466000
LCUT,Lifetime Brands Inc,15.2,Consumer Prdts - Misc Discr,55911,318307000
LCY,Landcadia Holdings III Inc Cl A,10.04,Unclassified,951132,644394000
LDL,Lydall Inc,34.49,Conglomerates - Div Operations,142596,588303000
LE,Lands' End Inc,25.24,Retail - Catalog Shopping,252817,809983000
LEAF,Leaf Group Ltd,6.54,Internet - Services,1362001,306815000
LEGH,Legacy Housing Corp,18.2,Real Estate Operations,49770,415081000
LEJU,Leju Holdings Ltd,2.59,Real Estate Operations,93741,361168000
LEO,Dreyfus Strategic Municipals,8.41,Finance - Investment Funds,109302,518748000
LEU,Centrus Energy Corp,24.01,Mining - Non Ferrous,121672,303408000
LFMD,Lifemd Inc,19.24,Medical Services,880687,412622000
LHDX,Lucira Health Inc,12.25,Medical Products,406540,474235000
LICT,Lict Corp,22000,Diversified Comm Services,95,430000000
LIND,Lindblad Expd Hld,18.33,Leisure & Recreation Services,443137,853392000
LITB,Lightinthebox Holding CO Ltd,2.78,Internet Services - Delivery,671112,342035000
LIVX,Livexlive Media Inc,5.57,Audio & Video Products,3000831,458157000
LIZI,Lizhi Inc ADR,7.58,Audio & Video Products,6576113,356260000
LKCO,Luokung Technology Corp,1.37,Technology Services,24409488,364190000
LL,Lumber Liquidators Holdings Inc,25.85,Building Prds Retail - Wsale,654641,698200000
LLNW,Limelight Networks,3.66,Internet - Services,3540314,439438000
LMAT,Lemaitre Vascular,46.72,Medical Products,159780,939110000
LMRK,Landmark Common Units,12.12,Real Estate Operations,46809,313260000
LNDC,Landec Cp,10.82,Food - Misc & Diversified,96343,306132000
LOCO,El Pollo Loco,17.03,Retail - Restaurants,295996,611434000
LOMA,Loma Negra Comp Indu Argentina Sociedad ADR,6.21,Building - Residential & Comm,494276,699733000
LOOP,Loop Industries Inc,8.03,Technology Services,162451,338040000
LORL,Loral Space Comm,37.97,Satellite Communication,217540,816269000
LOTZ,Carlotz Inc,7.73,Auto - Truck Original Parts,4714188,884921000
LOVE,The Lovesac Company,55.3,Retail - Home Furniture,350771,763369000
LPG,Dorian Lpg Ltd,13.74,Transportation - Ship,727731,531799000
LPI,Laredo Petroleum Holdings Inc,29.97,Oil - US Exploration & Product,782222,347229000
LQDT,Liquidity Services,18.17,Auction Valuation Services,347405,592643000
LSEA,Landsee Homes Corp,9.98,Building - Residential & Comm,157520,438732000
LSF,Laird Superfood Inc,34.27,Food - Misc & Diversified,73870,301198000
LSLPF,Lsl Property Service,3.85,Real Estate Operations,1545,401016000
LTRPA,Liberty Tripadv A,6.19,Internet - Services,1855288,427142000
LUNA,Luna Innovations Inc,10.67,Technology Services,204395,328737000
LUXA,Lux Health Tech Acquisition Corp Cl A,10.19,Unclassified,392966,444188000
LXFR,Luxfer Holdings Plc,20.72,Machinery - General Industrial,113886,548851000
LXRX,Lexicon Pharmaceutcl,5.88,Medical - Biomedical,1244031,841584000
MAAC,Montes Archimedes Acquisition Corp Cl A,9.79,Unclassified,251987,508897000
MANU,Manchester United Ltd,16.15,Leisure & Recreation Services,483954,672476000
MAXN,Maxeon Solar Tech Ltd,30.56,Solar,560411,868911000
MBI,MBIA Inc,9.65,Insurance - Multi Line,1482937,520068000
MBII,Marrone Bio Innov,2.03,Chemical - Diversified,494148,348354000
MBWM,Mercantile Bank Corp,33.06,Banks - Midwest,55572,509069000
MCA,Blackrock Muniyield California Insured Fund,14.54,Finance - Investment Funds,69590,499403000
MCB,Metropolitan Bank Holding Corp,51.5,Banks - Northeast,69064,407069000
MCBC,Macatawa Bank Corp,10.15,Banks - Midwest,89377,332405000
MCBS,Metrocity Bankshares Inc,15.73,Banks - Southeast,43586,386665000
MCF,Contango Oil & Gas Company,4.31,Oil - US Exploration & Product,1270880,838409000
MCFT,Mcbc Holdings,27.06,Leisure & Recreational Prdcts,159998,494948000
MCS,Marcus Corp,19.37,Leisure & Recreation Services,593308,596989000
MEC,Mayville Engineering Company Inc,14.7,Engineering & R&D Services,49050,307705000
MEG,Montrose Environmental Group Inc,44.29,Waste Removal Svcs,293610,989244000
MEIP,Mei Pharma Inc,3.52,Medical - Drugs,643003,385971000
MERC,Mercer Intl Inc,14.83,Paper & Related Products,344893,904367000
MESA,Mesa Air Group Inc,13.3,Transportation - Airline,1999172,447090000
MFL,Blackrock Muniholdings Investment Quality Fund,14.09,Finance - Investment Funds,48908,533955000
MG,Mistras Group Inc,10.99,Electronics Products - Misc,200343,306080000
MGI,Moneygram Intl,6.03,Finance - Misc Services,2368509,428723000
MGIC,Magic Software Entpr,15.87,Computer - Software,37381,792322000
MGTA,Magenta Therapeutics Inc,12.75,Medical - Biomedical,311116,617632000
MGTX,Meiragtx Holdings Plc,14.5,Medical - Biomedical,136582,626335000
MHN,Blackrock Muniholdings New York Quality Fund,14.01,Finance - Investment Funds,47065,433980000
MILE,Metromile Inc,12.32,Insurance - Multi Line,2099813,397972000
MIN,MFS Intermediate Income Trust,3.68,Finance - Investment Funds,600063,419670000
MIRM,Mirum Pharmaceuticals Inc,18.57,Medical - Biomedical,157731,539955000
MITK,Mitek Systems Inc,14.41,Computer - Optical,744446,597618000
MIXT,Mix Telematics Ltd,13.43,Internet - Software,31646,318054000
MIY,Blackrock Muniyield Michigan Quality Fund,14.57,Finance - Investment Funds,31571,427600000
MLR,Miller Industries,44.88,Auto - Truck Original Parts,58068,500258000
MMT,MFS Multimarket Income Trust,6.32,Finance - Investment Funds,119040,385184000
MMU,Western Asset Managed Municipals Fund,12.88,Finance - Investment Funds,64726,554243000
MMX,Maverix Metals Inc,5.24,Mining - Gold,476750,736000000
MNKD,Mannkind Corp,3.59,Medical - Biomedical,7891423,793377000
MNRL,Brigham Minerals Inc,15.41,Mining - Misc,552820,832738000
MOD,Modine Manufacturing Company,14.92,Auto - Truck Original Parts,451990,752804000
MOFG,Midwestone Fnl Gp,30.89,Banks - Midwest,55538,472558000
MOV,Movado Group Inc,28.11,Retail - Jewelry,200730,498439000
MPAA,Motorcar Parts Amer,22.95,Auto - Truck Replacement Parts,81887,411038000
MPX,Marine Products Corp,16.57,Leisure & Recreational Prdcts,46394,534046000
MQT,Blackrock Muniyield Quality Fund II,13.78,Finance - Investment Funds,36592,312879000
MQY,Blackrock Muniyield Quality Fund,15.47,Finance - Investment Funds,93715,476083000
MRC,Mrc Global Inc,9.22,Steel - Pipe & Tube,523957,710156000
MRNS,Marinus Pharma CS,14.51,Medical - Drugs,434678,528186000
MRUS,Merus N.V. CS,20.88,Medical - Biomedical,128055,789229000
MSB,Mesabi Trust,30.18,Mining - Iron,47025,377462000
MSBI,Midland Sts BNC,27.79,Banks - Northeast,146617,591428000
MSGM,Motorsport Games Inc Cl A,23.9,Gaming,54465,396440000
MSGN,Msg Networks Inc,16.06,Movie & TV Production & Dist,682312,982802000
MSON,Misonix Inc,19.35,Industrial Scientific,65642,343666000
MTA,Metalla Royalty and Streaming Ltd,8.7,Mining - Misc,338398,348377000
MTEM,Molecular Templates Inc,11.92,Medical - Drugs,271731,641235000
MTL,Mechel Oao,1.65,Steel - Producers,135133,328853000
MTRX,Matrix Service Company,13.25,Oil Field Machinery & Equip,200801,333231000
MTW,Manitowoc Company,20.27,Machinery - Construct & Mining,563520,678825000
MUA,Blackrock Muniassets Fund,14.94,Finance - Investment Funds,53092,540582000
MUC,Blackrock Muniholdings California Quality Fund,15.11,Finance - Investment Funds,85047,613800000
MUDS,Mudrick Capital Acquisition Corporation II Cl A,9.97,Unclassified,134231,383846000
MUJ,Blackrock Muniholdings New Jersey Insured Fund,14.86,Finance - Investment Funds,36627,447394000
MUX,Mcewen Mining Inc,1.07,Mining - Misc,4750063,486738000
MVBF,Mvb Financial Corp,33.82,Finance - Misc Services,58358,370407000
MVF,Munivest Fund,9.15,Finance - Investment Funds,102248,586154000
MVT,Blackrock Munivest Fund II,14.77,Finance - Investment Funds,24298,312204000
MWK,Mohawk Group Holdings Inc,29.03,Consumer Prdts - Misc Staple,1309007,663869000
MX,Magnachip Semiconductor Corp,26.01,Semi Analog & Mixed,1801391,939227000
MYC,Blackrock Muniyield California Fund,14.65,Finance - Investment Funds,27666,311432000
MYD,Blackrock Muniyield Fund,14.25,Finance - Investment Funds,65242,664387000
MYE,Myers Industries,19.51,Rubber & Plastics,234866,694974000
MYI,Blackrock Muniyield Quality Fund III,14.04,Finance - Investment Funds,109252,943196000
MYJ,Blackrock Muniyield New Jersey Fund,14.41,Finance - Investment Funds,56333,345938000
MYN,Blackrock Muniyield New York Quality Fund,13.38,Finance - Investment Funds,75481,525715000
NAK,Northern Dynasty Minerals,0.62,Mining - Gold,16742139,322912000
NAKD,Naked Brand Group Inc,0.7601,Textile - Apparel,79964477,366518000
NASB,Nasb Financial Inc,66.6,Finance - Savings & Loan,515,493086000
NAT,Nordic American Tanker Shipping Ltd,3.88,Transportation - Ship,4005751,489169000
NATR,Nature S Sunshine,18.25,Medical - Drugs,106476,374738000
NBEV,New Age Beverages Corp,3,Consumer Prdts - Misc Staple,2161194,383154000
NBR,Nabors Industries,99.05,Oil & Gas - Drilling,185568,666191000
NBRV,Nabriva Therape Ads,1.78,Medical - Biomedical,4264817,412908000
NBTX,Nanobiotix S.A. Adss,14.95,Medical - Drugs,3814,525949000
NCBS,Nicolet Bnkshr,85.99,Banks - Northeast,32610,825233000
NCMI,National Cinemedia,4.28,Advertising Marketing Services,1009181,345690000
NDLS,Noodles & Company,10.64,Retail - Restaurants,300769,468548000
NEW,Puxin Ltd,4.2,Schools,427629,410396000
NEWT,Newtek Bus Svcs,26.86,Finance - SBIC & Commercial,199812,563064000
NEX,Nextier Oilfield Solutions Inc,3.81,Oil - Field Services,2494444,774576000
NEXI,Neximmune Inc,20.25,Medical - Biomedical,162780,386840000
NFBK,Northfield Bncrp Del,16.3,Finance - Savings & Loan,225660,798186000
NFH,New Frontier Health Corp,11.37,Medical Services,393817,323438000
NGA,Northern Genesis Acquisition Corp,18.03,Unclassified,1833994,690424000
NGAC,Nextgen Acquisition Corporation Cl A,10.15,Unclassified,1234067,467812000
NGMS,Neogames S.A.,35.06,Gaming,254530,798675000
NGVC,Natural Grocers By Vitamin Cottage Inc,17.29,Food Items - Wholesale,119988,366860000
NH,Nanthealth Inc,3.16,Medical Information Systems,270717,357334000
NL,NL Industries,6.89,Chemical - Specialty,53241,311762000
NLS,Nautilus Group,15.13,Retail - Mail Order,2187867,462063000
NLST,Netlist Inc,1.85,Computer - Storage Devices,2582338,385180000
NLTX,Neoleukin Therapeutics Inc,11.95,Medical - Biomedical,244736,482672000
NNBR,NN Inc,7.05,Metal Production & Fabrication,337456,311091000
NOA,North American Construction Group Ltd.,10.8,Building - Heavy Construction,54113,334830000
NODK,Ni Holdings Inc,18.93,Insurance - Proprty & Casualty,19267,398665000
NOG,Northern Oil and Gas,12.79,Oil - US Exploration & Product,1338483,758888000
NP,Neenah Paper,54.62,Paper & Related Products,103683,889667000
NPA,New Providence Acquisition Corp Cl A,12.39,Communications Components,1719682,345000000
NPK,National Presto Industries,100.71,Conglomerates - Div Operations,32673,690504000
NPTN,Neophotonics Corp,12.03,Semi Communications,1317453,583485000
NQP,Nuveen Pennsylvania Investment,14.25,Finance - Investment Funds,40361,529156000
NSCO,Nesco Holdings Inc,9.09,Industrial Services,171458,440325000
NSSC,Napco Sec Tech Inc,35.08,Protection - Safety,106758,598296000
NSTB,Northern Star Investment Corp II Cl A,9.94,Unclassified,1158222,434438000
NTP,Nam Tai Electronics,12.08,Real Estate Developers,437565,461266000
NTST,Netstreit Corp,18.3,REIT - Equity Trust Other,291402,508163000
NTUS,Natus Medical Inc,24.47,Medical Instruments,157729,813315000
NVEC,Nve Corp,70.15,Electronics - Semiconductors,26418,319232000
NVGS,Navigator Holdings,9.36,Transportation - Ship,104267,503145000
NVOS,Novo Integrated Sciences Inc,3.66,Medical - Outpatient & Hm Care,163212,863690000
NWLI,Natl Wstrn Life Gp A,245.3,Insurance - Life,7871,858239000
NWPX,Northwest Pipe Company,33.31,Metal Production & Fabrication,55537,322992000
NX,Quanex Building Products Corp,25.72,Building & Construction - Misc,350852,831581000
OACB,Oaktree Acquisition Corp II Cl A,10.02,Unclassified,268792,310625000
OBNK,Origin Bancorp Inc,42.77,Banks - Southeast,91861,944023000
OCSL,Oaktree Specialty Lending Corp,6.16,Finance - Misc Services,734670,865500000
OCX,Oncocyte Corp,4.74,Medical Services,1366558,319442000
OFIX,Orthofix Intl NV,43.04,Medical Instruments,95914,837064000
OGI,Organigram Hlds Inc,3.5,Medical Products,20684594,812949000
OIA,Invesco Muni Income Trust,7.85,Finance - Investment Funds,51039,370446000
OIS,Oil States International,6.41,Oil Field Machinery & Equip,1446734,363816000
OLP,One Liberty Properties,21.97,REIT - Equity Trust Other,116032,444909000
OMP,Oasis Midstream Partners LP,20.2,Oil Gas Prod Pipeline MLP,207809,679266000
ONCR,Oncorus Inc,12.5,Medical - Biomedical,211076,336456000
ONCT,Oncternal Therapeutics Inc,7.8,Medical - Drugs,1562639,360737000
ONE,Onesmart International Education Group Ltd A,2.43,Schools,455922,431678000
ONEW,Onewater Marine Inc Cl A,38.84,Leisure & Recreational Prdcts,90468,532062000
ONPH,Oncology Pharma Inc,22,Medical - Drugs,147674,514955000
OOMA,Ooma Inc,16.02,Communications Components,170661,373869000
OPRT,Oportun Financial Corp,20.58,Finance - Misc Services,126077,553506000
OPRX,Optimizerx Corp,47.5,Computer - Software,355286,805895000
OPT,Opthea Ltd,9,Medical - Biomedical,10800,418469000
OPY,Oppenheimer Holdings,40.12,Finance - Investment Brokers,140363,502001000
ORBC,Orbcomm Inc,7.62,Satellite Communication,1247115,558333000
ORC,Orchid Island Capital Inc,5.99,Finance - Mortgage & Rel Svs,2920824,549891000
ORIC,Oric Pharmaceuticals Inc,23.75,Medical - Biomedical,305236,743812000
OROCF,Orocobre Ltd,3.56,Mining - Misc,70662,891374000
ORPH,Orphazyme A/S ADR,12.39,Medical - Biomedical,5207,467923000
ORTX,Orchard Therapeutics Plc ADR,7.1,Medical - Biomedical,1113921,901737000
OSBC,Old Second Bancorp,13.69,Banks - Midwest,144096,382133000
OSPN,Onespan Inc,25.07,Internet - Software,275359,993618000
OSUR,Orasure Tech Inc,11.01,Medical Products,1357037,761189000
OSW,Onespaworld Holdings Ltd,10.1,Leisure & Recreation Services,597190,842883000
OTCM,Pink OTC Markets Inc,40.05,Securities Exchanges,5372,471777000
OTLK,Outlook Therapeutics Inc,2.26,Medical - Biomedical,1393325,393691000
OTRK,Ontrak Inc,30.75,Medical - Outpatient & Hm Care,2049854,518671000
OXLC,Oxford Lane Capital,6.21,Finance - Investment Funds,953370,538780000
OYST,Oyster Point Pharma Inc,21.91,Medical - Biomedical,61922,535041000
PACE,Tpg Pace Tech Opportunities Corp Cl A,9.95,Unclassified,447471,558000000
PAE,Pae Inc Cl A,9.19,Technology Services,825677,806917000
PAHC,Phibro Anl Htlh A,24.39,Medical Products,166563,975322000
PALAF,Paladin Energy Ltd,0.305,Mining - Misc,2854388,592144000
PAM,Pampa Energia S.A.,14.1,Utility - Electric Power,106575,850594000
PARR,Par Petroleum Corp,14.1,Oil - Refining and Marketing,884105,781510000
PASG,Passage Bio Inc,16.87,Medical - Biomedical,392576,879060000
PAVM,Pavmed Inc,4.17,Medical Instruments,4130549,333142000
PAX,Patria Investments Limited Cl A,17,Finance - Investment Mgmt,446564,831623000
PBFS,Pioneer Bancorp Inc,12.62,Banks - Northeast,21445,307060000
PBFX,PBF Logistics LP,13.98,Oil Gas Prod Pipeline MLP,307505,817618000
PBYI,Puma Biotechnology,9.89,Medical - Biomedical,331171,384866000
PCPC,Periphas Capital Partnering Corporation Cl A,24.36,Unclassified,7095,362236000
PCT,Purecycle Technologies Inc,27.76,Technology Services,834920,318070000
PCYO,Pure Cycle Corp,13.28,Utility - Water Supply,170563,303840000
PDAC,Peridot Acquisition Corp Cl A,10.75,Unclassified,1027495,386250000
PDFS,Pdf Solutions Inc,18.44,Computer - Services,178052,625522000
PDT,John Hancock Premium Dividend Fund,14.2,Finance - Investment Funds,188256,686529000
PEBO,Peoples Bancorp Inc,33.86,Banks - Midwest,65638,638958000
PEO,Adams Natural Resources Fund Inc,14.76,Finance - Investment Funds,93354,350576000
PERI,Perion Network Ltd,17,Internet - Content,1600078,568395000
PETS,Petmed Express Inc,33.42,Internet Commerce,445475,645631000
PFBC,Preferred Bank LA,65.53,Banks - West,77218,945592000
PFIS,Peoples Finl Svcs Company,42.95,Banks - Northeast,19239,305772000
PFLT,Pennantpark Fltng Rt,12.03,Finance - Investment Mgmt,263303,465240000
PGC,Peapack Gladstone FI,30.89,Banks - Northeast,67140,559517000
PGSVY,Petro Geo ADR,0.7275,Oil - Field Services,6781,329126000
PHAR,Pharming Group N.V. Ads Each Representing 10,12.97,Medical - Biomedical,6975,817993000
PHGUF,Pharming Grp NV Leid,1.3,Medical - Biomedical,1660,829291000
PHK,Pimco High Income Fund,6.69,Finance - Investment Funds,385874,873267000
PHVS,Pharvaris N.V.,26.62,Medical - Biomedical,86579,965389000
PIAI,Prime Impact Acquisition I Cl A,9.85,Unclassified,176480,396603000
PIOE,P10 Industries Inc,6.85,Real Estate Operations,22431,593911000
PKOH,Park Ohio Hld Cp,32.69,Metal Products - Fasteners,46528,393251000
PLAB,Photronics Inc,12.6,Semi-Eqpt PhotoMask,573321,744140000
PLL,Piedmont Lithium Ltd ADR,70.4,Mining - Misc,1574158,954703000
PLM,Polymet Mining,3.19,Mining - Misc,514905,309692000
PLPC,Preformed Line Prd,68.54,Electronics Products - Misc,14273,322158000
PLSE,Pulse Biosciences CS,23.09,Medical Instruments,115971,600262000
PLYM,Plymouth Industrial REIT Inc,17.14,REIT - Equity Trust Other,327173,468098000
PMM,Putnam Managed Muni Income Trust,8,Finance - Investment Funds,46827,390062000
PMO,Putnam Muni Opportunities Trust,13.33,Finance - Investment Funds,68160,452981000
PMOIY,Premier Oil ADR,0.39,Oil - International Integrated,26597,360958000
PNNT,Pennantpark Investme,5.54,Finance - SBIC & Commercial,417521,380145000
POFCY,Petrofac Ltd,0.67,Oil - Field Services,12799,463523000
POWL,Powell Inds Inc,33,Machinery - Electrical,67019,363676000
POWW,Ammo Inc,5.91,Medical - Biomedical,3504764,403454000
PPT,Putnam Premier Income Trust,4.78,Finance - Investment Funds,238977,491327000
PRDO,Perdoceo Education Corp,12.6,Schools,552909,826031000
PRISY,Promotora DE Inf ADR,1.25,Broadcast - Radio & TV,3360,885813000
PROF,Profound Medical Corp,19.16,Medical - Drugs,78635,414525000
PROS,Prosight Global Inc,12.6,Insurance - Proprty & Casualty,79791,547459000
PRSR,Prospector Capital Corp. Cl A,9.73,Unclassified,N/A,361875000
PRTG,Portage Biotech Inc Ord,29.7,Medical - Biomedical,15091,350408000
PRTH,Priority Techno Holdings Inc,7.63,Technology Services,66814,527005000
PRTK,Paratek Pharma Inc,7.02,Medical - Biomedical,351925,329984000
PRTS,U.S. Auto Parts Netw,13.32,Auto - Truck Original Parts,2162074,631942000
PRTY,Party City Holdco Inc,5.62,Consumer Prdts - Misc Discr,3463197,630071000
PRVB,Provention Bio Inc,10.7,Medical - Biomedical,899746,735784000
PSAC,Property Solutions Acquisition Corp,12.19,Unclassified,1233934,308305000
PSNL,Personalis Inc,22.09,Medical - Generic Drugs,1077332,958646000
PSTX,Poseida Therapeutics Inc,9.18,Medical - Biomedical,589932,596858000
PTHRF,Pantheon Res Plc Ord,0.525,International E&P,15915,306350000
PTNR,Partner Comm CO Ltd,4.93,Wireless Non-US,5455,896320000
PTSI,P A M Transport Sv,60,Transportation - Truck,8588,331986000
PTVCA,Protective Insurance Corp Cl A,22.92,Insurance - Multi Line,3881,325588000
PTVCB,Protective Insurance Corp Cl B,22.92,Insurance - Multi Line,69523,324880000
PUYI,Puyi Inc ADR,5.23,Finance - Investment Mgmt,233227,325701000
PZN,Pzena Investment Management Inc,10.15,Finance - Investment Mgmt,93029,715970000
QADB,Q A D Inc Cl B,45.99,Computer - Software,1285,871427000
QCRH,Qcr Holdings Inc,47.66,Banks - Midwest,73208,723135000
QD,Qudian Inc ADR,2.25,Finance - Consumer Loans,8366496,616564000
QELL,Qell Acquisition Corp Cl A,9.98,Unclassified,1275135,473906000
QH,Quhuo Limited ADR,5.94,Technology Services,64689,329603000
QIWI,Qiwi Plc ADR,10.16,Financial Transaction Services,438973,642181000
QMCO,Quantum Corp,8.04,Computer - Storage Devices,493666,440271000
QTNT,Quotient Ltd Ord,3.96,Medical Instruments,909359,371158000
QTT,Qutoutiao Inc ADR,2.26,Internet - Software,6062961,667764000
RAAC,Revolution Acceleration Acquisition Corp Cl A,10.2,Unclassified,937901,385247000
RADA,Rada Electr Inds Ltd,11.2,Aerospace - Defense Equipment,774906,562922000
RADI,Radius Global Infrastructure Inc,13.28,Unclassified,268952,765952000
RAPT,Rapt Therapeutics Inc,21.83,Medical - Biomedical,202772,518705000
RBB,Rbb Bancorp,20.7,Banks - West,57315,382533000
RBCAA,Republic Bancorp Inc,45.7,Banks - Southeast,34893,910296000
RBNC,Reliant Bancorp Inc,28.83,Banks - Southeast,90233,450834000
RC,Ready Capital Corp,13.69,REIT - Mortgage Trusts,1075154,712010000
RCEL,Avita Medical Ltd,20.7,Medical - Drugs,240337,439501000
RCKY,Rocky Brands Inc,48.89,Shoes and Related Apparel,64081,316139000
RCS,Rcm Strategic Global Government Fund,7.19,Finance - Investment Funds,114644,316058000
RDHL,Redhill Biophrma ADR,7.3,Medical - Drugs,591211,329868000
REKR,Rekor Systems Inc,18.8,Internet - Software,1214484,716110000
REV,Revlon Inc,12.15,Cosmetics & Toiletries,256898,604900000
REX,Rex American Resources Corp,89.29,Biofuels,26984,538441000
RFI,Cohen & Steers Total Return Realty Fund,14.36,Finance - Investment Funds,49384,370664000
RFL,Rafael Holdings Inc,42.22,Medical - Drugs,83990,679718000
RFP,Resolute Forest Products Inc,10.34,Paper & Related Products,532106,701466000
RGP,Resources Connection Inc,13.55,Staffing,177851,428455000
RGS,Regis Corp,12.7,Retail - Misc & Diversified,341103,418708000
RICK,RCI Hospitality Hold,62.37,Leisure & Recreation Services,93386,522174000
RIGL,Rigel Pharmaceuticals,3.49,Medical - Drugs,3352410,588345000
RLGT,Radiant Logistics,6.72,Transportation - Air Freight,226984,320795000
RLMD,Relmada Therapeutics Inc,32.92,Medical - Drugs,67598,517633000
RM,Regional Managment Corp,35.71,Finance - Consumer Loans,57157,368792000
RMAX,Re/Max Holdings Inc,39.04,Real Estate Operations,112736,684154000
RMGB,Rmg Acquisition Corp II Cl A,9.97,Technology Services,771233,429525000
RMNI,Rimini Street Inc,8.49,Internet - Software,967501,666041000
RMO,Romeo Power Inc,11.49,Auto - Truck Original Parts,6110742,333500000
RMT,Royce Micro-Cap Trust,11.26,Finance - Investment Funds,147930,475813000
RNA,Avidity Biosciences Inc,21.04,Medical - Biomedical,499178,827622000
ROT,Rotor Acquisition Corp Cl A,9.74,Unclassified,N/A,334305000
RPLA,Replay Acquisition Corp,9.58,Unclassified,916642,355786000
RPT,Ramco-Gershenson Properties Trust,11.78,REIT - Equity Trust Resident,515102,915540000
RRBI,Red River Bancshares Inc,59.2,Banks - Southwest,16673,413879000
RRGB,Red Robin Gourmet Burgers Inc,39.94,Retail - Restaurants,390400,566930000
RSI,Rush Street Interactive Inc,15.85,Gaming,2030589,748043000
RSVA,Rodgers Silicon Valley Acquisition Corp,13.91,Unclassified,403680,346500000
RTP,Reinvent Technology Partners Cl A,10.18,Unclassified,2500901,878025000
RUTH,Ruth's Hospitality,25.52,Retail - Restaurants,451215,783149000
RVI,Retail Value Inc,18.34,Real Estate Operations,243305,365158000
RVP,Retractable Technologies,11.58,Medical - Dental Suppliers,549390,379595000
RWWI,Avatech Solutions,13.85,Computer - Software,4238,466834000
RXDX,Prometheus Biosciences Inc,18.03,Medical - Biomedical,N/A,730178000
RYAM,Rayonier Advanced Materials Inc,9.42,Paper & Related Products,782159,545530000
RYI,Ryerson Holding Corp,17.51,Steel - Producers,140810,596150000
SAGKF,Stagecoach Group Plc Ord,1.38,Transportation - Services,1048,745342000
SBR,Sabine Royalty Trust,30.8,Oil - US Royalty Trusts,48163,442503000
SCHL,Scholastic Cp,29.56,Publishing - Books,229650,976206000
SCSC,Scansource Inc,31.88,Industrial Services,115286,760506000
SCVL,Shoe Carnival Inc,59.58,Retail - Apparel & Shoes,128697,761193000
SEAH,Sports Entertainment Acquisition Cl A,9.94,Unclassified,375592,548438000
SELB,Selecta Biosciences,4.18,Medical - Biomedical,1244495,486575000
SENEA,Seneca Foods Cp A,50.35,Food - Misc & Diversified,58786,459032000
SEOVF,Sernova Corp,1.1926,Medical Instruments,82424,316141000
SEPGY,Supergroup Plc Cheltenham ADR,3.7,Retail - Apparel & Shoes,616,313706000
SESN,Sesen Bio Inc,2.75,Medical - Biomedical,5966024,449112000
SFL,Ship Finance International,8.49,Transportation - Ship,1557862,953982000
SFST,Southern First Bancs,47.6,Banks - Southeast,43755,357653000
SFT,Shift Technologies Inc,8.46,Internet Commerce,2237004,670181000
SFTW,Osprey Technology Acquisition Corp Cl A,10.7,Unclassified,2749939,402426000
SGC,Superior Uniform Group,24.71,Uniform & Related,75477,368991000
SGTX,Sigilon Therapeutics Inc,20.87,Medical - Drugs,196537,610649000
SGU,Star Gas Partners LP,10.44,Electronics Products - Misc,54096,422831000
SIBN,Si-Bone Inc,30.87,Medical Instruments,437645,985440000
SIEN,Sientra Inc,7.27,Medical Instruments,1087486,394611000
SIFY,Sify Techs Ltd Ads,3.5,Internet - Services,2882035,634449000
SIGA,Siga Technologies Inc,6.7,Medical - Drugs,342500,506537000
SILC,Silicom Ltd,45.32,Computer - Networks,56658,315444000
SLCA,U.S. Silica Holdings Inc,12.35,Mining - Misc,1354117,849946000
SLDB,Solid Biosciences Inc,5.86,Medical - Biomedical,2846012,457196000
SLGGF,Solgold Plc,0.31,Mining - Gold,21995,646075000
SLN,Silence Therapeutics Plc ADR,23.49,Medical - Drugs,1688,700755000
SLRC,Slr Investment Corp,18.15,Finance - SBIC & Commercial,197310,760680000
SMBC,Southern MO Bancorp,40.28,Finance - Savings & Loan,25490,344200000
SMBK,Smartfinancial Inc,22.28,Banks - Northeast,55289,320395000
SMLR,Semler Scientific,112.25,Medical Instruments,20232,748020000
SMMF,Summit Financial Gp,26.2,Banks - Southeast,25982,331273000
SMMT,Summit Therapeu ADR,5.43,Medical - Drugs,159536,432693000
SMP,Standard Motor Products,43.34,Auto - Truck Replacement Parts,209813,949725000
SMSI,Smith Micro Software,5.83,Computer - Software,1067269,305254000
SMTS,Sierra Metals Inc,3.23,Mining - Misc,454198,498168000
SNPR,Tortoise Acquisition Corp II Cl A,10.98,Unclassified,1546309,447206000
SNR,New Senior Investment Group Inc,6.4,REIT - Equity Trust Resident,518485,500412000
SNRH,Senior Connect Acquisition Corp I Cl A,9.82,Unclassified,137953,503786000
SNSE,Sensei Biotherapeutics Inc,13.3,Medical - Biomedical,209775,399033000
SOAC,Sustainable Opportunities Acquisition Cl A,9.98,Unclassified,1276659,370500000
SOHU,Sohu.com Inc,15.84,Internet - Services,332397,626733000
SOI,Solaris Oilfield Infrastructure Inc Cl A,13.07,Oil - Field Services,616062,581105000
SOL,Renesola Ltd,10.76,Solar,3381192,742440000
SOLO,Electrameccanica Vehs Corp,4.62,Auto - Foreign,8523842,366088000
SOLY,Soliton Inc,17.39,Medical Instruments,371423,349164000
SONA,Southern National Bk,15.44,Banks - Southeast,105484,351921000
SOR,Source Capital,43.42,Finance - Investment Funds,11573,365506000
SP,SP Plus Corp,32.96,Consumer Services - Misc,137126,752719000
SPFI,South Plains Financial Inc,23.62,Banks - Southeast,35477,404366000
SPFR,Jaws Spitfire Acquisition Corporation Cl A,10.51,Unclassified,1651453,437719000
SPH,Suburban Propane Partners LP,15.06,Oil Refining & Marketing MLP,339221,933453000
SPHRY,Starpharma Hlds ADR,15.6,Medical - Biomedical,1776,621617000
SPKE,Spark Energy,10.39,Utility - Electric Power,191547,361355000
SPLP,Steel Partners Hlds,14.09,Conglomerates - Div Operations,25177,346596000
SPNE,Seaspine Holdings,18.06,Medical Instruments,98995,500001000
SPNT,Siriuspoint Ltd,10.31,Insurance - Multi Line,642240,956786000
SPNV,Supernova Partners Acquisition Cl A,10.05,Unclassified,1405237,506149000
SPPI,Spectrum Pharma Inc,3.15,Medical - Drugs,3309569,423174000
SPRB,Spruce Biosciences Inc,16.25,Medical - Biomedical,67468,387978000
SPRO,Spero Therapeutics Inc,13.81,Medical - Biomedical,259197,398894000
SPRQ,Spartan Acquisition Corp II Cl A,10.41,Unclassified,717305,345000000
SPTN,Spartannash Company,19.88,Food Items - Wholesale,460259,697786000
SPWH,Sportsman's Wareh,17.22,Retail - Apparel & Shoes,703087,749436000
SQZ,Sqz Biotechnologies Company,12.35,Medical - Biomedical,166545,360359000
SRDX,Surmodics Inc,52.66,Medical Products,49757,711047000
SRG,Seritage Growth Properties,19.14,REIT - Equity Trust Other,483839,706044000
SRI,Stoneridge Inc,32.97,Electronics - Misc Components,164566,846877000
SRLP,Sprague Resources LP,21.77,Oil Refining & Marketing MLP,70255,484619000
SRT,Startek Inc,7.79,Outsourcing,95632,318180000
SSPK,Silver Spike Acquisition Corp Cl A,19.15,Internet - Software,642996,579669000
SSTI,Shotspotter Inc,36.88,Technology Services,63611,397610000
STFC,State Auto Finl Corp,20.03,Insurance - Proprty & Casualty,67650,853974000
STIM,Neuronetics Inc,12.39,Medical Instruments,423197,319887000
STRL,Sterling Constructio,21.75,Building - Heavy Construction,370054,564160000
STWO,Acon S2 Acquisition Corp Cl A,9.88,Unclassified,182784,304688000
STXB,Spirit of Texas Bancshares Inc,23.05,Banks - Southeast,65079,372363000
STXS,Stereotaxis Inc,6.92,Medical Instruments,384187,489022000
SUNW,Sunworks Inc,13.72,Solar,3831604,310332000
SURF,Surface Oncology Inc,8.05,Medical Products,2009328,336745000
SVFC,Svf Investment Corp. 3 Cl A,9.97,Unclassified,N/A,361398000
SVM,Silvercorp Metals Inc,4.97,Mining - Misc,1474850,861043000
SWBI,Smith & Wesson Brands Inc,17.53,Leisure & Recreational Prdcts,2239984,889258000
SWBK,Switchback II Corporation Cl A,9.99,Unclassified,N/A,338938000
SWIR,Sierra Wireless IN,15.38,Wireless Equipment,278497,540254000
SXC,Suncoke Energy Inc,6.95,Coal,1557205,525818000
SYRS,Syros Pharmaceuticals,8.01,Medical - Biomedical,780062,503591000
TA,Travelcenters of America Llc,27.2,Retail - Convenience Stores,211105,368355000
TACO,Del Taco Rest,9.92,Retail - Restaurants,386927,353970000
TARS,Tarsus Pharmaceuticals Inc,29.3,Medical - Biomedical,31688,619760000
TAST,Carrols Rstrnt Group,6.34,Retail - Restaurants,649396,319489000
TBI,Trueblue Inc,21.81,Staffing,208000,724624000
TCPC,TCP Capital Corp,13.93,Finance - SBIC & Commercial,493213,790252000
TCRR,Tcr2 Therapeutics Inc,23.26,Medical - Drugs,576187,777232000
TCS,The Container Store Group Inc,16.63,Consumer Prdts - Misc Discr,1196443,785104000
TCX,Tucows Inc Cl A,81.47,Internet - Content,36061,876680000
TDF,Templeton Dragon Fund,23.4,Finance - Investment Funds,41080,786957000
TDW,Tidewater Inc,13,Oil - US Integrated,337414,505285000
TEKK,Tekkorp Digital Acquisition Corp Cl A,9.91,Unclassified,166101,313189000
TELL,Tellurian Inc,2.34,Oil - Refining and Marketing,13162359,927809000
TEN,Tenneco Automotive,10.75,Auto - Truck Original Parts,1931338,665689000
TERN,Terns Pharmaceuticals Inc,20.16,Medical - Biomedical,244491,507487000
TFFP,Tff Pharmaceuticals Inc,13.03,Medical - Biomedical,417176,350571000
TG,Tredegar Corp,15.69,Chemical - Plastics,189641,510448000
TGB,Taseko Mines Ltd,1.72,Mining - Misc,3024557,464169000
TGI,Triumph Group,18.24,Aerospace - Defense Equipment,1599922,907687000
TGLS,Tecnoglass Inc,11.04,Building Prds Retail - Wsale,219549,486285000
TGS,Transportadora DE Gas Sa Ord B,4.61,Oil - Production & Pipeline,105056,699256000
THBR,Thunder Bridge Acquisition II Cl A,10.22,Unclassified,1264883,436806000
THCB,Tuscan Holdings Corp,12.48,Unclassified,1690038,426199000
THFF,First Finl Corp [In],45.81,Banks - Midwest,62998,592216000
THR,Thermon Group Holdings Inc,19.62,Industrial Controls,160605,620784000
THRY,Thryv Holdings Inc,24.63,Internet - Software,147749,718269000
THTX,Theratechnologies Inc,3.61,Medical - Biomedical,334463,325628000
THVB,Thomasville Bancshar,65,Banks - Southeast,905,379619000
TIG,Trean Insurance Group Inc,17.5,Insurance - Multi Line,74840,872090000
TILE,Interface Inc,12.73,Textile - Home Furnishings,480979,717192000
TINV,Tiga Acquisition Corp Cl A,10.03,Unclassified,188206,345345000
TIRX,Tian Ruixiang Holdings Ltd Cl A,86.6,Insurance - Multi Line,71791,650800000
TITN,Titan Machinery Inc,25.82,Retail - Wsale Auto & Trucks,221239,551720000
TK,Teekay Shipping Corp,3.79,Transportation - Ship,941560,335682000
TKAT,Takung Art CO Ltd,39.51,Finance - Investment Brokers,11799116,414322000
TLMD,Telemed Inc,6.66,Medical Information Systems,337146,597792000
TLYS,Tilly's Inc,11.39,Retail - Apparel & Shoes,295301,319550000
TMST,Timken Steel Corp,10.85,Steel - Producers,1132764,437779000
TNK,Teekay Tankers Ltd,14.93,Transportation - Ship,547692,475208000
TNXP,Tonix Pharm Hld,1.27,Medical - Drugs,24007701,401658000
TOUR,Tuniu Corporatio Ads,3.53,Internet - Content,1980267,450326000
TPB,Turning Point Brands,52.27,Tobacco,199012,976379000
TPC,Tutor Perini Corp,18.19,Building - Heavy Construction,386546,847718000
TPCO,Tribune Publishing Company,17.26,Broadcast - Radio & TV,291614,635800000
TPGY,Tpg Pace Beneficial Finance Corp Cl A,17.42,Unclassified,1988685,742187000
TPVG,Triplepoint Venture Growth Bdc,14.23,Finance - SBIC & Commercial,235635,432657000
TRC,Tejon Ranch Company,16.4,Real Estate Operations,84653,422153000
TREB,Trebia Acquisition Corp Cl A,9.99,Unclassified,331505,647527000
TRIN,Trinity Capital Inc,14.29,Finance - SBIC & Commercial,83238,385659000
TRMD,Torm Plc Cl A,9.39,Transportation - Ship,73238,668430000
TRNS,Transcat Inc,53.17,Industrial Controls,57610,379810000
TRST,Trustco Bank Corp NY,7.53,Banks - Northeast,517818,692389000
TRTX,Tpg Re Finance Trust Inc,11.33,Real Estate Operations,395464,848932000
TRUE,Truecar Inc,4.86,Internet - Services,1172548,445197000
TSC,Tristate Capital Hld,24.39,Banks - Northeast,139003,775257000
TSHA,Taysha Gene Therapies Inc,21.54,Medical - Generic Drugs,79556,804309000
TSIA,Ts Innovation Acquisitions Corp Cl A,10.99,Unclassified,495024,406500000
TSIOF,361 Degrees Intl,0.285,Retail - Apparel & Shoes,12765,589266000
TTGPF,Tt Group Plc Ord 25,3.5,Electronics - Misc Components,3653,453534000
TTI,Tetra Technologies,2.77,Oil - Field Services,2521122,331786000
TTSH,Tile Shop Hlds,6.76,Building Prds Retail - Wsale,164939,338438000
TUFN,Tufin Software Technologies Ltd,10.6,Technology Services,365047,335713000
TUWOY,Tullow Oil ADR,0.3,International E&P,85179,433546000
TVBCY,Television Broadcast,2.21,Broadcast - Radio & TV,1085,483990000
TWI,Titan International,9.19,Machinery - Farm,661677,541471000
TWND,Tailwind Acquisition Corp Cl A,10,Unclassified,1243274,416934000
TXMD,Therapeuticsmd Inc,1.38,Medical - Drugs,15906934,523565000
UAN,Cvr Partners LP,34.57,Fertilizers,64911,375289000
UAVS,Ageagle Aerial Systems Inc,6.47,Agriculture Operations,3753361,376921000
UBA,Urstadt Biddle Properties Inc,17.31,REIT - Equity Trust Retail,198031,662968000
UBP,Urstadt Biddle Properties Inc,13.94,REIT - Equity Trust Retail,6023,576319000
UBX,Unity Biotechnology Inc,6.08,Medical - Biomedical,524510,326473000
UEC,Uranium Energy,3.05,Mining - Misc,9142366,568274000
UEIC,Universal Elect IN,55.65,Electronics Products - Misc,69194,751072000
UEPS,Net 1 Ueps Techs Inc,5.64,Protection - Safety,396725,311949000
UFCS,United Fire Group,36.07,Insurance - Proprty & Casualty,109968,844428000
UFI,Unifi Inc,27.49,Textile - Products,88763,480876000
UFPT,U F P Tech Inc,51.1,Containers - Paper Products,39717,373368000
UHT,Universal Health Realty Income Trust,71.08,REIT - Equity Trust Other,52478,929129000
UIHC,United Insurance Hld,7.25,Insurance - Proprty & Casualty,152224,309365000
ULH,Universal Logis Hld,26.28,Transportation - Services,63272,688050000
UMH,Umh Properties,19.39,REIT - Equity Trust Resident,254522,779203000
URGN,Urogen Pharma Ltd,19.52,Medical - Biomedical,288163,387221000
UROV,Urovant Sciences Ltd,16.24,Medical - Biomedical,141718,531746000
USAT,USA Technologies Inc,11.91,Computer - Integrated Systems,460982,744913000
USCR,U S Concrete Inc,63.65,Building - CMT & CNT & AG,348442,954156000
USLM,U S Lime & Mineral,135.88,Building - CMT & CNT & AG,10612,727578000
USX,U.S. Xpress Enterprises Inc Cl A,11.54,Transportation - Services,366609,529099000
UTL,Unitil Corp,45.73,Utility - Electric Power,63757,695748000
UTMD,Utah Medical Prod,85.76,Medical Products,10929,307030000
UUUU,Energy Fuels Inc,6.1,Mining - Non Ferrous,6212681,767036000
UVE,Universal Insurance Holdings Inc,15.01,Insurance - Proprty & Casualty,195330,454671000
UVSP,Univest Corp of Penn,29.01,Banks - Northeast,125381,796277000
UWMC,Uwm Hldg Corp,7.98,Finance - Mortgage & Rel Svs,15187667,345525000
UXIN,Uxin Ltd Ads,1.03,Internet - Services,2776896,301807000
VACQ,Vector Acquisition Corporation Cl A,11.68,Unclassified,4679098,431300000
VAPO,Vapotherm Inc,24.07,Medical Products,305375,640013000
VAQC,Vector Acquisition Corporation II Cl A,9.97,Unclassified,N/A,569485000
VBIV,Vbi Vaccines Inc CS,3.06,Medical - Biomedical,5479931,775985000
VCV,Invesco California Value Muni Income Trust,12.63,Finance - Investment Funds,53191,605555000
VEC,Vectrus Inc,54.45,Business Services,76972,621759000
VEGPF,Vectura Group Plc,1.43,Medical - Drugs,11475,924518000
VERI,Veritone Inc,23.49,Technology Services,1176135,761610000
VERU,Veru Inc,11.34,Medical Products,1665965,873012000
VGAC,VG Acquisition Corp Cl A,10.3,Unclassified,1664763,657541000
VGM,Invesco Trust For Investment Grade Municipals,13.39,Finance - Investment Funds,116522,719566000
VHC,Virnetx Holding Corp,5.4,Internet - Software,713453,380876000
VHI,Valhi Inc,20.84,Chemical - Diversified,21037,615786000
VIEW,View Inc,7.84,Glass Products,1184968,484632000
VIH,Vpc Impact Acquisition Holdings Cl A,12.75,Unclassified,724620,333098000
VINP,Vinci Partners Investments Ltd Cl A,13.03,Finance - Misc Services,313304,706719000
VIOT,Viomi Technology CO Ltd ADR,10.4,Internet - Services,1122760,729413000
VITL,Vital Farms Inc,21.12,Food - Misc & Diversified,674958,953466000
VKI,Invesco Advantage Muni Income Trust II,11.82,Finance - Investment Funds,124348,523826000
VKQ,Invesco Muni Trust,13.15,Finance - Investment Funds,93952,719713000
VKTX,Viking Thera,6.2,Medical - Biomedical,1168851,425523000
VLGEA,Village Super Mkt,24.61,Retail - Supermarket,44748,351746000
VLOWY,Vallourec Sa ADR,6.98,Oil - International Specialty,1085,416193000
VMD,Viemed Healthcare Inc,9.66,Medical Products,343620,358543000
VMO,Invesco Muni Opportunity Trust,13.09,Finance - Investment Funds,137423,879701000
VNDA,Vanda Pharmaceuticals,15.47,Medical - Biomedical,542867,852333000
VNTR,Venator Materials Plc,4.24,Chemical - Specialty,675616,417715000
VOXX,Voxx Intl Corp,19.35,Electronics Products - Misc,279666,446496000
VPG,Vishay Precision Group,31.46,Electronics - Misc Components,64911,405714000
VPV,Invesco Pennsylvania Muni,12.88,Finance - Investment Funds,26426,305024000
VRA,Vera Bradley,10.3,Retail - Apparel & Shoes,374006,323448000
VRAY,Viewray Inc,4.6,Medical Instruments,1665803,648028000
VRCA,Verrica Pharmaceuticals Inc,13.24,Medical - Drugs,136374,350068000
VREX,Varex Imaging Corp,21.17,Medical Products,313301,822416000
VRS,Verso Corp,14.5,Paper & Related Products,313102,454740000
VRTV,Veritiv Corp,43.07,Paper & Related Products,891374,635445000
VSEC,V S E Cp,39.32,Engineering & R&D Services,61039,483361000
VSPR,Vesper Healthcare Acquisition Corp Cl A,10.58,Unclassified,597835,612375000
VSTA,Vasta Platform Limited Cl A,10.29,Technology Services,65926,913962000
VSTM,Verastem Inc,2.47,Medical - Biomedical,2119681,396548000
VTIQ,Vectoiq Acquisition Corp. II Cl A,9.99,Unclassified,N/A,428231000
VTOL,Bristow Group Inc,27.01,Transportation - Airline,143910,759982000
VTRU,Vitru Ltd,14.19,Schools,15819,335955000
VVI,Viad Corp,41.17,Business Services,168413,790563000
VXRT,Vaxart Inc,5.99,Medical - Drugs,5822561,691292000
VYGG,Vy Global Growth Cl A,10.13,Unclassified,433308,727375000
VYNE,Vyne Therapeutics Inc,6.85,Medical - Drugs,1127050,348524000
WASH,Washington TR Bncorp,52.97,Banks - Northeast,87649,884492000
WBAI,500Wan.com Ltd,19.44,Gaming,807392,842212000
WEDXF,Westaim Corp #,2.12,Chemical - Specialty,12356,304988000
WETF,Wisdomtree Invstmnts,6.36,Finance - Investment Brokers,1144269,874925000
WIFI,Boingo Wireless Inc,14.04,Internet Software Services,2094490,628288000
WILC,G Willi-Food Intl,23.39,Food Items - Wholesale,7602,321834000
WIMI,Wimi Hologram Cloud Inc ADR,6.1,Internet - Content,4910157,373228000
WINA,Winmark Corp,186.05,Retail - Misc & Diversified,18283,678398000
WLDN,Willdan Group Inc,37.2,Engineering & R&D Services,119814,430131000
WLKP,Westlake Chemical Partners LP,24.76,Chemical - Specialty,90114,843720000
WNC,Wabash National Corp,18.66,Auto - Truck Original Parts,480429,924012000
WNDW,Solarwindow Technologies Inc,12.57,Solar,373185,664962000
WPRT,Westport Fuel Systems Inc,7.17,Auto - Truck Original Parts,3391855,998729000
WRLD,World Acceptance Cp,126.8,Finance - Consumer Loans,34469,855009000
WSBF,Waterstone Financial,20.66,Finance - Savings & Loan,124443,510147000
WSR,Whitestone REIT,9.52,REIT - Equity Trust Other,254114,389957000
WTBA,West Bancorp,24.61,Finance - Savings & Loan,37698,387680000
WTI,W&T Offshore,3.81,Oil - US Exploration & Product,6306044,519413000
WTRE,Watford Holdings Ltd,34.86,Insurance - Proprty & Casualty,100386,692664000
WTRH,Waitr Holdings Inc,2.81,Internet - Software,4310520,301115000
WTTR,Select Energy Services Inc,5.39,Oil - Field Services,674927,532800000
WVE,Wave Life Sci Ord Sh,7.35,Medical - Biomedical,948422,375317000
XBIT,Xbiotech Inc,19.03,Medical - Biomedical,85049,552651000
XENE,Xenon Pharmaceuticals Inc,17.48,Medical - Biomedical,269965,596578000
XENT,Intersect Ent Inc,19.62,Medical Instruments,243115,631926000
XNET,Xunlei Ltd ADR,6.73,Internet - Services,2898522,464147000
XOMA,Xoma Corp,39.99,Medical - Biomedical,61205,383284000
XONE,The Exone Company,29.52,Machinery - Printing,1341468,612774000
XPOA,Dpcm Capital Inc Cl A,9.79,Unclassified,371681,381229000
XXII,22nd Century Group Inc,3.06,Tobacco,3618310,444357000
YAC,Yucaipa Acquisition Corp Cl A,9.88,Unclassified,300947,335685000
YELL,Yellow Corp,8.43,Transportation - Services,1562873,386409000
YJ,Yunji Inc,2.11,Internet Commerce,684058,465830000
YORW,York Water Company,48.16,Utility - Water Supply,62928,629114000
YRD,Yirendai Ltd,4.91,Internet - Services,159831,426912000
ZEPP,Zepp Health Corp,10.73,Medical Information Systems,589298,680319000
ZIOP,Ziopharm Oncology IN,3.65,Medical - Biomedical,2775804,738455000
ZIXI,Zix Corp,7.34,Security,818584,414473000
ZOM,Zomedica Pharmaceuticals Corp,1.69,Mining - Gold,85947992,862998000
ZTR,Virtus Global Divd & Income Fund,9.18,Finance - Investment Funds,153406,440123000
ZYXI,Zynex Inc,14.88,Medical Products,692381,541664000