Symbol,Name,Last,Industry,20D Avg Vol,Market Cap
AACG,Ata Creativity Global,4.92,Schools,802176,128226000
AAIC,Arlington Asset Investment Corp,4.03,REIT - Mortgage Trusts,209566,129607000
AAME,Atlantic Amer Cp,3.64,Insurance - Accident & Health,1319042,83493000
AAOI,Applied Optoelect,8.29,Electronics - Semiconductors,817222,205590000
AATDF,Aa Plc,0.4,Insurance - Multi Line,3050,246840000
AAU,Almaden Minerals,0.5622,Mining - Gold,3449918,76116000
ABEO,Abeona Therapeutics,1.8,Medical - Biomedical,2417372,175380000
ABGI,Abg Acquisition Corp I Cl A,9.79,Unclassified,147127,164329000
ABVC,American Brivision Corp,4.45,Medical - Biomedical,790,105010000
ACAC,Acies Acquisition Corp Cl A,9.88,Unclassified,344897,269060000
ACEV,Ace Convergence Acquisition Corp Cl A,10.1,Unclassified,622811,286063000
ACNB,Acnb Corp,30.93,Banks - Southwest,18187,253792000
ACR,Acres Commercial Realty Corp,15.26,REIT - Mortgage Trusts,88716,144455000
ACRX,Acelrx Pharmaceutica,1.67,Medical - Drugs,3376088,196264000
ACST,Acasti Pharma,0.6131,Medical - Generic Drugs,17542424,108003000
ACTG,Acacia Res-Acacia,6.07,Business Services,1095725,281876000
ACU,Acme United Corp,40.2,Consumer Prdts - Misc Discr,14831,132621000
ADER,26 Capital Acquisition Corp. Cl A,9.85,Unclassified,N/A,78982000
ADES,Advanced Emissions Solutions Inc,5.53,Pollution Controls,155793,99632000
ADEX,Adit Edtech Acquisition Corp,9.65,Unclassified,N/A,78093000
ADMA,Adma Biologics,1.81,Medical - Biomedical,2956148,187205000
ADMP,Adamis Pharmaceuticl,0.946,Medical - Drugs,4722515,122120000
ADMS,Adamas Pharma,5.12,Medical - Generic Drugs,499903,153451000
ADN,Advent Technologies Hldg Inc,15.91,Machinery - Electrical,709069,222982000
ADXS,Advaxis Inc,0.78,Medical - Biomedical,6268338,90783000
AE,Adams Resources & Energy,32.45,Oil - Refining and Marketing,15885,124256000
AEAC,Authentic Equity Acquisition Corp Cl A,9.68,Unclassified,N/A,79002000
AEI,Alset Ehome Intl Inc,11.17,Real Estate Developers,1071538,89814000
AERG,Applied Energetics Inc,0.75,Lasers - Systems & Components,160151,146751000
AESE,Allied Esports Entertainment Inc,2.79,Leisure & Recreation Services,12859153,116217000
AEYE,Audioeye Inc,26.36,Internet - Software,206649,286171000
AFBI,Affinity Bancshares Inc,12.05,Banks - Southeast,14722,92061000
AFI,Armstrong Flooring Inc,5.05,Building Products - Wood,433423,109625000
AGFS,Agrofresh Solutions,2.12,Chemical - Specialty,129920,106980000
AGFY,Agrify Corp,11.65,Technology Services,689443,172875000
AGMH,Agm Group Holdings Inc Cl A,12.16,Finance - Misc Services,7004,296780000
AGRX,Agile Therap,2.05,Medical - Generic Drugs,2224813,186650000
AGS,Playags Inc,8.06,Gaming,437042,280565000
AGTC,Applied Genetic Tech,5.09,Medical - Biomedical,1955644,216276000
AGYTF,Allergy Therapeutics Plc,0.33,Medical - Drugs,7795,210304000
AHAC,Alpha Healthcare Acquisition Corp,10.66,Unclassified,668706,135106000
AIH,Aesthetic Medical International Holdings Group L,7.93,Medical Services,220458,175681000
AIKI,AIkido Pharma Inc,1.16,Medical - Biomedical,13033952,105516000
AIM,Aim Immunotech Inc,2.17,Medical - Drugs,1169644,91544000
AIRG,Airgain Inc,21.63,Communications Components,141540,213148000
AJX,Great Ajax Corp,11.46,REIT - Mortgage Trusts,124281,254596000
AKU,Akumin Inc,3.61,Medical Services,59467,248437000
ALCO,Alico Inc,29.99,Agriculture Operations,41919,217830000
ALNA,Allena Pharmaceuticals Inc,1.43,Medical - Biomedical,920486,81338000
ALOT,Astronova Inc,14.2,Technology Services,32052,92930000
ALPN,Alpine Immune Sciences Inc,10.98,Medical - Drugs,144041,252194000
ALRN,Aileron Therapeutics Inc,1.5,Medical - Biomedical,1916258,131268000
ALSK,Alaska Commun Sys,3.25,Wireline Regional,621040,175835000
ALTU,Altitude Acquisition Corp Cl A,10.22,Unclassified,1194030,87911000
ALYA,Alithya Group Inc Cl A,2.6,Technology Services,2629814,129976000
AMHC,Amplitude Healthcare Acquisition Corp Cl,9.88,Unclassified,67943,123125000
AMNF,Armanino Foods,2.73,Food - Misc & Diversified,24203,86578000
AMPY,Amplify Energy Corp,2.83,Oil - US Exploration & Product,1257119,107696000
AMR,Alpha Metallurgical Resources Inc,13.13,Mining - Misc,322675,225817000
AMRB,American River Bkshs,16.75,Banks - West,29726,95937000
AMRK,A-Mark Precious Meta,36.94,Precious Metals & Jewelry,239579,249793000
AMSIY,Arcelormittal ADR,0.125,Steel - Producers,4504,150793000
AMST,Amesite Inc,4.83,Internet - Software,46848,105555000
ANH,Anworth Mortgage Asset Corp,2.98,REIT - Mortgage Trusts,1921900,295926000
ANIX,Anixa Biosciences Inc,5.06,Medical - Biomedical,1211359,117477000
ANVS,Annovis Bio Inc,30.76,Medical - Biomedical,271960,208407000
AONE,One Cl A,11.85,Unclassified,1378473,75935000
AP,Ampco-Pittsburgh Corp,6.98,Metal Production & Fabrication,106117,84615000
APEN,Apollo Endosurgery Inc,5.49,Medical Instruments,2417104,137455000
APM,Aptorum Group Ltd Cl A,2.92,Medical - Drugs,211795,107818000
APRE,Aprea Therapeutics Inc,5.1,Medical - Biomedical,674181,105299000
APRN,Blue Apron Holdings Inc,6.59,Food - Misc & Diversified,469200,122224000
APT,Alpha Pro Tech,9.64,Protection - Safety,823015,137058000
APTX,Aptinyx Inc,3.01,Medical - Biomedical,350648,189138000
APVO,Aptevo Therapeutics Inc,29.5,Medical - Biomedical,47474,127072000
AQMS,Aqua Metals Inc,4.02,Waste Removal Svcs,2922050,249761000
AQST,Aquestive Therapeutics Inc,4.3,Medical - Drugs,863778,146583000
ARAV,Aravive Inc,6.57,Medical - Biomedical,333805,133885000
ARBG,Aequi Acquisition Corp,9.85,Unclassified,99883,278587000
ARC,American Reprographics Company,2.1,Printing - Commercial,270792,85584000
AREC,American Resources Corp,3.71,Mining - Misc,6796244,190007000
ARL,American Realty Investors,8.82,Real Estate Operations,3798,142720000
ARMP,Armata Pharmaceuticals Inc,4.89,Medical - Biomedical,35836,137170000
ARPO,Aerpio Pharmaceuticals Inc,1.49,Medical - Biomedical,2005447,76647000
ARREF,Amerigo Resources,0.705,Mining - Non Ferrous,104277,130642000
ARYA,Arya Sciences Acquisition Corp III Cl A,12.84,Unclassified,195883,215392000
ARYD,Arya Sciences Acquisition Corp IV Cl A,10.5,Unclassified,N/A,176792000
ASAQ,Atlantic Street Acquisition Corp Cl A,9.89,Unclassified,101912,242500000
ASC,Ardmore Shipping Corp,4.98,Transportation - Ship,381812,156643000
ASLE,Aersale Corp,12.26,Aerospace - Defense Equipment,183033,278277000
ASLN,Aslan Pharmaceuticals Ltd ADR,3.64,Medical - Biomedical,4935182,136388000
ASM,Avino Silver & Gold,1.26,Mining - Silver,1806921,121730000
ASMB,Assembly Biosciences,4.47,Medical - Generic Drugs,1475417,165605000
ASPL,Aspirational Consumer Lifestyle Corp Cl A,10.03,Unclassified,720015,299680000
ASPS,Altisource Portfolio,8.85,REIT - Mortgage Trusts,64538,136369000
ASPU,Aspen Group Inc,6.3,Internet - Services,279891,153942000
ASRT,Assertio Therapeutics Inc,0.6958,Medical - Drugs,11773461,125378000
ASTI,Ascent Solar Technologies,0.0369,Solar,183378281,147907000
ASUR,Asure Software,7.7,Internet Services - Delivery,118997,147001000
ASYS,Amtech Systems Inc,11.83,Semi General,302410,158803000
AT,Atlantic Power Corp,2.8,Utility - Electric Power,1131530,249824000
ATBPF,Antibe Therapeutics Inc,3.96,Medical - Biomedical,53938,180549000
ATLO,Ames Natl Corp,26.53,Banks - Midwest,32472,235365000
ATNF,180 Life Sciences Corp,6.96,Medical - Biomedical,2983361,93135000
ATNM,Actinium Pharmaceuticals Inc,8.41,Medical - Drugs,310346,112772000
ATOS,Atossa Genetics Inc,2.16,Medical Instruments,12823065,154600000
ATXI,Avenue Therapeutics Inc,5.88,Medical - Drugs,257169,101325000
AUBN,Auburn Natl Bncp,39.44,Banks - Southeast,11892,139870000
AUGG,Augusta Gold Corp,2.1199,Mining - Gold,20076,121637000
AUMN,Golden Minerals Company,0.6704,Mining - Misc,1377328,110155000
AUNFF,Aurcana Corp,0.6402,Mining - Misc,431491,179450000
AUVI,Applied Uv Inc,10.2,Technology Services,720034,80801000
AVBH,Avidbank Holdings Inc,22,Banks - West,3130,133760000
AVCO,Avalon Globocare,1.15,Outsourcing,396703,92795000
AVEO,Aveo Pharmaceuticals,7.41,Medical - Biomedical,6589742,217040000
AVGR,Avinger Inc,1.55,Medical Instruments,6679943,150571000
AWRE,Aware Inc,3.8,Internet Software Services,43298,81247000
AXLA,Axcella Health Inc,4.87,Medical - Biomedical,80415,171489000
AXR,Amrep Corp,10.43,Publishing - Periodicals,24002,76163000
AYLA,Ayala Pharmaceuticals Inc,11.89,Medical - Drugs,19027,155648000
AYRO,Ayro Inc,6.75,Internet - Software,2700783,230359000
AYTU,Aytu Biopharma Inc,7.71,Medical - Biomedical,1103135,142349000
AZRX,Azurrx Biopharma Inc,1.31,Medical - Biomedical,4876896,80205000
AZYO,Aziyo Biologics Inc Cl A,14.68,Medical - Drugs,16686,147254000
BANX,Stonecastle Fncl Cp,19.79,Finance - Misc Services,29138,130250000
BAOS,Baosheng Media Group Holdings Limited,5.25,Advertising Marketing Services,104597,164154000
BASI,Bioanalytical Syst,16.44,Medical Instruments,129520,182993000
BATL,Battalion Oil Corp,11.17,Oil - US Exploration & Product,53853,192601000
BATRA,Liberty Braves CS A,29.31,Real Estate Operations,58082,298561000
BBGI,Beasley Brdcst Gr,2.89,Broadcast - Radio & TV,261342,91294000
BBI,Brickell Biotech Inc,1.16,Medical - Drugs,2528166,78308000
BBW,Build-A-Bear Workshop,7.35,Retail - Misc & Diversified,411055,113316000
BCBP,Bcb Bancorp Inc,13.87,Banks - Northeast,95531,231134000
BCLI,Brainstorm Cell,3.85,Medical - Biomedical,1226574,144313000
BCML,Bay Commercial Bk CA,18.17,Banks - West,34531,211219000
BCTG,Bctg Acquisition Corp,10.3,Unclassified,22267,225314000
BCV,Bancroft Convertible Fund,29.93,Finance - Investment Funds,30781,159466000
BCYP,Big Cypress Acquisition Corp,9.8,Unclassified,62894,126759000
BDIMF,Black Diamond Group,2.7049,Business Services,5565,157212000
BEBE,Bebe Stores Inc,5.74,Retail - Apparel & Shoes,3251,75570000
BEEM,Beam Global,40.37,Auto - Truck Original Parts,619455,239891000
BELFA,BEL Fuse Cl A,18.48,Electronics Products - Misc,1323,214181000
BELFB,BEL Fuse Inc Cl B,19.93,Electronics Products - Misc,75700,230698000
BERK,Berkshire Bancorp,9.7101,Banks - Northeast,655,139981000
BEVFF,Bennett Environmental Inc,1.9277,Pollution Controls,1820,235563000
BFI,Burgerfi Intl Inc,15.63,Retail - Restaurants,433455,122421000
BFIN,Bankfinancial Corp,10.72,Finance - Savings & Loan,59012,150718000
BFRA,Biofrontera Ag ADR,4.78,Medical - Biomedical,62540,153706000
BGSF,Bgsf Inc,14.14,Business Services,49974,140827000
BHR,Braemar Hotels & Resorts Inc,6.41,REIT - Equity Trust Other,750069,243994000
BHSE,Bull Horn Holdings Corp,9.84,Unclassified,31315,94245000
BHWB,Blackhawk Bancorp Inc,29,Finance - Savings & Loan,3460,97550000
BIOL,Biolase Inc,0.8588,Medical - Dental Suppliers,8171696,134493000
BIOQ,Bioqual Inc,87,Medical - Outpatient & Hm Care,395,77430000
BIVI,Biovie Inc,18.55,Medical - Drugs,128979,264961000
BKCC,Blackrock Cptl Invt,3.3,Finance - SBIC & Commercial,455853,242762000
BKEP,Blueknight Energy LP,3.28,Oil - Field Services,698410,130209000
BKSC,Bank of So Car Cp,22.79,Banks - Southeast,17970,127583000
BLOZF,Cannabix Technologies Inc,1.04,Technology Services,278226,115636000
BLRX,Biolinerx Ltd,2.9,Medical - Drugs,629659,119126000
BLSA,Bcls Acquisition Corp Cl A,10.33,Unclassified,67807,166055000
BLU,Bellus Health Inc,3.76,Medical - Biomedical,1027626,296114000
BMBN,Benchmark Banksh VA,18.75,Banks - Southeast,1545,82965000
BMTM,Bright Mountain Media Inc,2,Internet - Services,3580,239428000
BMTX,Bm Technologies Inc,12.45,Banks - Northeast,98709,94400000
BNAUF,Battle North Gold Corp,2.0711,Mining - Gold,269835,267588000
BNCC,Bnccorp Inc,36.2,Banks - Midwest,4680,129546000
BNEFF,Bonterra Energy Corp,3.0699,Oil - C$ Exploration & Product,7357,102802000
BNOEF,Bionomics Ltd,0.18,Medical - Biomedical,644090,92853000
BOCH,Bank of Commerce Hld,12.85,Banks - West,120593,201741000
BORR,Borr Drilling Ltd,1.04,Oil & Gas - Drilling,6033533,112269000
BOXL,Boxlight Corp Cl A,2.9,Technology Services,5277472,139261000
BPRN,Bank of Princeton,29.06,Banks - Northeast,19441,190024000
BPT,BP Prudhoe Bay Royalty Trust,4.02,Oil - US Royalty Trusts,305149,87312000
BPTS,Biophytis Sa ADR,12.8,Medical - Biomedical,3329,152839000
BRG,Bluerock Residential Growth Rei,10.74,REIT - Equity Trust Resident,316128,239315000
BRID,Bridgford Foods Cp,15.28,Food - Misc & Diversified,3798,136109000
BRPA,Big Rock Partners Acquisition Corp,36.55,Unclassified,23885,75189000
BSBK,Bogota Financial Corp,10.47,Banks - Northeast,21985,135254000
BSET,Bassett Furniture,23.46,Furniture,77327,213313000
BSGM,Biosig Technologies,4.25,Medical Instruments,246779,135425000
BSN,Broadstone Acquisition Corp Cl A,9.78,Unclassified,59412,295836000
BSVN,Bank7 Corp,17.94,Banks - Southeast,12544,157379000
BTBT,Bit Digital Inc,13.56,Technology Services,1684401,207733000
BTCY,Biotricity Inc,2.35,Medical Information Systems,172501,90423000
BTU,Peabody Energy Corp,2.87,Coal,3345423,270171000
BWAY,Brainsway Ltd ADR,9.32,Medical Products,67411,95119000
BWEN,Broadwind Energy Inc,5.09,Machinery - General Industrial,567429,86668000
BWFG,Bankwell Financial,27.04,Banks - Northeast,35063,206537000
BXRX,Baudax Bio Inc,1.34,Medical - Drugs,2934873,94693000
BYRN,Byrna Technologies Inc,1.23,Technology Services,219399,183517000
CAAS,China Automotive Sys,4.87,Auto - Truck Original Parts,154542,156728000
CABA,Cabaletta Bio Inc,10.83,Medical - Biomedical,115439,260843000
CALA,Calithera Biosci Com,2.47,Medical - Drugs,1043996,178160000
CALB,California Bancorp,17.9,Banks - Southwest,32734,151992000
CAPA,Highcape Capital Acquisition Corp Cl A,12.3,Unclassified,821336,166570000
CAPC,Capstone Cos. Inc,1.4,Protection - Safety,451257,94092000
CAPR,Capricor Therap,5.09,Medical Products,412729,112850000
CAS,Cascade Acquisition Corp Cl A,9.88,Finance - Misc Services,57612,246250000
CASI,Casi Phrmactcls Inc,2.06,Medical - Drugs,684747,239212000
CATO,Cato Corp,12.34,Retail - Apparel & Shoes,240559,263512000
CBAN,Colony Bankcorp Inc,15.34,Banks - Southeast,27888,145617000
CBBI,Caribbean Holdings International Corp,10.25,Banks - Southeast,4815,101445000
CBFV,Cb Financial Svc,22.26,Banks - Northeast,15535,119557000
CBGH,China Yibai United Guarantee Intl,0.7972,Finance - Misc Services,38995,296185000
CBIO,Catalyst Bio,5.15,Medical - Biomedical,397561,164488000
CBLI,Cleveland Biolabs,5.48,Medical - Biomedical,197677,86317000
CBNK,Capital Bancorp Inc,19.93,Banks - Northeast,52968,263897000
CBSC,Cb Scientific Inc,1.05,Medical Services,10806,90116000
CBWTF,Cannabis Wheaton Income Corp,0.2711,Finance - Misc Services,1118429,195589000
CCAC,Citic Capital Acquisition Corp Cl A,10,Unclassified,697839,277932000
CCLP,CSI Compressco,1.91,Oil - Field Services,126301,88746000
CCM,Concord Medical Services,3.99,Medical - Nursing Homes,57395,170617000
CCNC,Code Chain New Continent Ltd,3.81,Waste Removal Svcs,1947208,145735000
CCRC,China Customer Ord,6.01,Outsourcing,275234,109980000
CCV,Churchill Capital V Cl A,9.76,Unclassified,485222,145084000
CDR,Cedar Realty Trust Inc,14.85,REIT - Equity Trust Other,85431,188609000
CDTX,Cidara Thera,2.29,Medical - Biomedical,607676,110499000
CECE,C E C O Envir,8.2,Pollution Controls,162292,269728000
CEE,Central Europe and Russia Fund,24.3,Finance - Investment Funds,15022,160405000
CELC,Celcuity Inc,14.5,Medical - Biomedical,27708,151057000
CERC,Cerecor Inc,2.98,Medical - Biomedical,551083,264642000
CFAC,Cf Finance Acquisition Corp III,10.05,Unclassified,670692,291038000
CFBK,Central Fed Cp,19.48,Banks - Northeast,10228,103449000
CFFI,C&F Financial Corp,43.55,Banks - Southeast,13326,158642000
CFIV,Cf Acquisition Corp IV Cl A,9.7,Unclassified,199115,135205000
CFMS,Conformis Inc CS,0.995,Medical Instruments,6218843,182579000
CFNB,California First Leasing Corp,17.5,Banks - West,14510,177947000
CFRX,Contrafect,4.59,Medical - Drugs,2290803,124033000
CGLO,Coro Global Inc,4.25,Technology Services,4583,108009000
CGRO,Collective Growth Corp Cl A,9.98,Unclassified,480618,193933000
CHAQ,Chardan Healthcare Acquisition 2 Corp,10.11,Unclassified,188813,109936000
CHEK,Check-Cap Ltd Ord,1.8,Medical Instruments,27436344,81381000
CHFW,Consonance-Hfw Acquisition Corp Cl A,9.7,Unclassified,16791,114566000
CHMA,Chiasma Inc,3.03,Medical - Biomedical,2445332,174689000
CHMG,Chemung Financial Cp,42.39,Banks - Southeast,14877,192656000
CHMI,Cherry Hill Mortgage Investmen,10.02,REIT - Mortgage Trusts,236441,169563000
CHRA,Charah Solutions Inc,4.31,Other Alt Energy,78423,114573000
CHUC,Charlie's Holdings Inc,0.009,Tobacco,18791852,164970000
CIDM,Cinedigm Corp,1.69,Business Services,33848348,268845000
CIH,China Index Holdings Ltd,2.23,Business Software Services,81341,196305000
CIK,Credit Suisse Asset Management,3.35,Finance - Investment Funds,1278288,174699000
CINR,Ciner Resources LP,13.93,Mining - Misc,11854,265853000
CIX,Compx International Inc,15.81,Office Supply & Forms,20996,191123000
CIZN,Citizens Hld Company,19.93,Banks - Southeast,14266,110345000
CKPT,Checkpoint Therapeutics Inc,3.16,Medical - Biomedical,1300495,232405000
CLBS,Caladrius Bio,1.92,Medical - Biomedical,4115432,115440000
CLDB,Cortland Bncp Crtld Ohio,22.45,Banks - Midwest,4799,96021000
CLIR,Clearsign Combustion,5.28,Industrial Services,163594,149314000
CLPR,Clipper Realty Inc,7.9,REIT - Equity Trust Other,113247,125934000
CLPS,Clps Incorp,4.86,IT Services,3728777,82766000
CLRB,Cellectar Biosc,1.67,Medical Products,1370999,83837000
CLSD,Clearside Biomedi,2.32,Medical - Biomedical,384278,132071000
CLVR,Clever Leaves Holdings Inc,12.33,Unclassified,834494,186029000
CLWY,Calloway's Nursery,14.5,Retail - Misc & Diversified,995,102844000
CLXT,Calyxt Inc,6.64,Agriculture Operations,229112,254519000
CMCL,Caledonia Mining Cp,14.36,Mining - Gold,136220,153996000
CMCM,Cheetah Mobile Inc,2.24,Internet - Software,1212966,297789000
CMCT,Cim Commercial TR Cp,13.12,REIT - Mortgage Trusts,31116,189044000
CMLS,Cumulus Media Inc Cl A,10.27,Broadcast - Radio & TV,98689,211254000
CMPI,Checkmate Pharmaceuticals Inc,12.25,Medical - Biomedical,72568,276930000
CMT,Core Molding Technologies Inc,11.75,Rubber & Plastics,32997,100346000
CMTV,Community Bancorp Inc VT,17.5,Banks - Northeast,2320,90907000
CMU,Colonial Muni Income Trust,4.42,Finance - Investment Funds,79902,124347000
CNCE,Concert Pharmaceutic,4.89,Medical - Drugs,359978,167948000
CNET,Chinanet Online Hld,2.72,Advertising Marketing Services,2870051,83191000
CNF,Cnfinance Holdings Ltd ADR,3.96,Finance - Mortgage & Rel Svs,32398,265412000
CNRFF,Consorcio Ara Sab DE Cv,0.2191,Building - Residential & Comm,76720,287645000
CNTG,Centogene N.V.,11.68,Medical Information Systems,45999,233367000
CNTY,Century Casinos IN,10.41,Gaming,359594,290732000
COCP,Cocrystal Pharma Inc,1.4,Medical - Biomedical,1229288,99342000
CODA,Coda Octopus Group,8.07,Electronics - Semiconductors,42493,90854000
COFS,Choiceone Financial,25.3,Finance - Misc Services,14621,192149000
COGT,Cogent Biosciences Inc,8.91,Medical - Biomedical,450871,167482000
COMS,Comsovereign Holding Corp,2.77,Communication Network Software,1667638,147616000
COOL,Corner Growth Acquisition Corp Cl A,9.78,Unclassified,272953,112927000
CORR,Corenergy Infrastructure Trust Inc,7.24,REIT - Equity Trust Other,332074,97468000
CPKF,Chesapeake Financial Shares Inc [Usa],23.69,Banks - Southeast,3415,114199000
CPLP,Capital Product Part,11.64,Transportation - Ship,131719,207491000
CPSH,Cps Technologies,11.98,Electronics - Misc Components,764679,173202000
CPSS,Consumer Portfol,4.14,Finance - Misc Services,20868,94922000
CPST,Capstone Turbine Cp,7.82,Machinery - Electrical,244823,97719000
CPTP,Capital Properties Inc,12.29,Real Estate Operations,1780,79200000
CRAWA,Crawford United Corporatoin,27,Machinery - General Industrial,540,93016000
CRBP,Corbus Pharma,1.95,Medical - Drugs,6591163,251123000
CREAF,Creative Tech Ord,1.97,Computers - Peripheral Equpt,1455,130938000
CRESY,Cresud Sacif ADR,4.83,Agriculture Operations,246339,234813000
CRHM,CRH Medical Corp,3.94,Medical Instruments,855816,281467000
CRMD,Cormedix Inc,8.55,Medical - Biomedical,1735230,279548000
CRU,Crucible Acquisition Corporation Cl A,9.92,Unclassified,139635,76037000
CRVS,Corvus Pharma Com,3.07,Medical - Biomedical,734939,80257000
CRWS,Crown Crafts Inc,7.68,Textile - Home Furnishings,27164,78454000
CSBB,C S B Bancorp Ohio,37.5,Banks - Midwest,851,102840000
CSBR,Champions Oncolog,12.5,Medical - Drugs,43484,151173000
CSCW,Color Star Tech CO Ltd,1.51,Technology Services,28801977,77904000
CSLT,Castlight Health Inc,1.5,Internet - Software,1528252,249043000
CSU,Capital Senior Living Corp,37.49,Medical - Nursing Homes,37796,77527000
CTG,Computer Task Gp Inc,9.18,IT Services,96912,139320000
CTHR,Charles & Colvard,2.86,Precious Metals & Jewelry,851177,82936000
CTIC,Cti Biopharm Corp,2.79,Medical - Drugs,687948,216257000
CTK,Cootek Cayman Inc,2.64,Internet - Services,525512,173655000
CTO,Consolidated-Tomoka Land Company,51.22,REIT - Equity Trust Other,66200,292939000
CTXR,Citius Pharmaceuticals Inc,1.9,Medical - Drugs,10970285,150660000
CULP,Culp Inc,15.55,Textile - Home Furnishings,37679,189174000
CVCY,Central Vly Cmty Bcp,19.26,Banks - West,39733,228062000
CVEO,Civeo Corp,16.2,Hotels & Motels,59496,213719000
CVLY,Codorus Valley Bncp,18.44,Banks - Northeast,21982,180367000
CWBC,Community West Bncsh,13.04,Banks - West,15848,112241000
CWBK,Cw Bancorp,26.25,Banks - Southwest,2947,89833000
CWBR,Cohbar Inc,1.36,Medical - Biomedical,548262,79989000
CWCO,Cons Water CO Inc,13.67,Utility - Water Supply,102492,199321000
CWGL,Crimson Wine,6.58,Beverages - Alcohol,20666,154334000
CXDC,China Xd Plastics Company,1.07,Chemical - Plastics,202458,78309000
CXDO,Crexendo Inc,6.42,Internet - Services,61876,118477000
CXE,Colonial High Income Muni Trust,5.04,Finance - Investment Funds,71168,156980000
CXH,Colonial Investment Grade Muni Trust,9.7,Finance - Investment Funds,25112,88096000
CYAD,Celyad Sa Ads,7.25,Medical - Biomedical,12649,106099000
CYBE,Cyberoptics Cp,24.48,Lasers - Systems & Components,74869,173471000
CYCN,Cyclerion Therapeutics Inc,3.08,Medical - Biomedical,229133,112041000
CYTR,Cytrx Corp,3.72,Medical - Biomedical,81120,128410000
CZFS,Citizens Fincl Svcs,59.45,Banks - Northeast,3324,228832000
CZWI,Citizens Community,12.7,Finance - Savings & Loan,9656,139302000
DARE,Dare Bioscience Inc,1.73,Medical - Biomedical,1560559,77369000
DCRB,Decarbonization Plus Acquisition Corp Cl A,10.65,Unclassified,723850,291727000
DDEJF,Dundee Corp Cl A,1.12,Agriculture Products,37484,120619000
DDF,Delaware Dividend & Income,10.22,Finance - Investment Funds,23409,76900000
DDMX,Dd3 Acquisition Corp II Cl A,9.88,Unclassified,66975,125482000
DFFN,Diffusion Pharmaceuticals Inc,0.92,Medical - Biomedical,4299859,92936000
DFHT,Deerfield Healthcare Techn Acquisitions Corp Cl,13.05,Medical Services,118478,248331000
DFPH,Dfp Healthcare Acquisitions Corp Cl A,9.95,Unclassified,75681,288938000
DHF,Dreyfus High Yield Strategies Fund,3.05,Finance - Investment Funds,2300067,223214000
DHX,Dice Holdings,3.11,Internet - Content,184708,157011000
DHY,Credit Suisse High Yield Bond Fund,2.39,Finance - Investment Funds,2922621,248417000
DIMC,Dimeco Inc,36,Banks - Northeast,1177,86034000
DLA,Delta Apparel,26.67,Textile - Apparel,26605,177366000
DLHC,Dlh Holdings Corp,10.14,Staffing,13463,128450000
DLNG,Dynagas Lng Partners LP,2.92,Transportation - Services,112451,103278000
DLPN,Dolphin Entertainment Inc,13.25,Technology Services,12397413,125695000
DMAC,Diamedica Therapeutics Inc,9.72,Medical - Biomedical,121528,186821000
DMF,Dreyfus Muni Income,8.62,Finance - Investment Funds,42242,178856000
DNIF,Chartwell Dividend & Income Fund,12.85,Finance - Investment Funds,25888,158028000
DPW,Ault Global Hldg Inc,3.08,Conglomerates - Div Operations,6767137,112928000
DRTT,Dirtt Environmental Solutions Ltd,2.92,Building & Construction - Misc,257511,284314000
DS,Drive Shack Inc,3.35,Leisure & Recreation Services,4136367,202510000
DSAC,Duddell Street Acquisition Corp Cl A,9.96,Unclassified,98228,214813000
DSX,Diana Shipping Inc,3.23,Transportation - Ship,1060595,276753000
DTEA,Davidstea Inc,3.42,Beverages - Soft,245408,94694000
DTF,Duff & Phelps Utilities Tax-Free Income,14.3,Finance - Investment Funds,3880,121633000
DTRC,Dakota Territory Resource Corp,0.52,Mining - Gold,47756,75945000
DTSS,Datasea Inc,3.55,IT Services,225379,76433000
DUNE,Dune Acquisition Corporation Cl A,9.68,Unclassified,137037,181125000
DYAI,Dyadic International,5.35,Medical - Biomedical,1611517,149502000
DYLLF,Deep Yellow Ltd,0.545,Mining - Misc,279283,133463000
EAC,Edify Acquisition Corp. Cl A,9.65,Unclassified,N/A,280140000
EARN,Ellington Residential Mortgage,12.63,REIT - Mortgage Trusts,93892,152448000
EBMT,Eagle Bancorp [Mt],25.01,Banks - Midwest,33608,162610000
ECC,Eagle Point Credit CO Inc,11.94,Finance - Investment Mgmt,124579,281672000
ECF,Ellsworth Convertible Growth and Income,13.35,Finance - Investment Funds,62721,175362000
ECOR,Electrocore Inc,2.07,Medical - Drugs,8444414,100832000
ECXJ,CXJ Group CO Ltd,2.15,Leisure & Recreation Services,N/A,215262000
EDAP,Edap Tms Sa ADR,8.15,Medical Instruments,167530,218856000
EDN,Empresa Distribuidora Y Comercializadora,3.5,Utility - Electric Power,39459,151822000
EDTX,Edtechx Holdings Acquisition Corp II Cl A,9.92,Unclassified,30124,121750000
EDTXF,Spectral Diagnostics,0.4053,Medical Instruments,25425,100588000
EDUC,Educational Dev Cp,17.3,Publishing - Books,33685,141048000
EEA,European Equity Fund,10.66,Finance - Investment Funds,12438,79241000
EFSI,Eagle Fincl Svcs Inc,31.33,Banks - Southeast,1213,113226000
EGAN,Egain Corp,9.31,Internet - Software,256465,283222000
EGY,Vaalco Energy Inc,2.28,International E&P,539089,133778000
EIGR,Eiger Biopharma,8.89,Medical - Biomedical,215526,286124000
EKSO,Ekso Bionics Holdings Inc,6.22,Medical Instruments,220167,77616000
ELA,Envela Corp,5.24,Retail - Jewelry,66536,139741000
ELMD,Electromed Inc,10.61,Medical Instruments,59755,91790000
ELOX,Eloxx Pharmaceuticals Inc,3.21,Medical - Biomedical,117852,125069000
ELRNF,Elron Electronics ##,3.55,Electronics - Misc Components,3290,105577000
ELVT,Elevate Credit Inc,3.1,Finance - Consumer Loans,800010,131884000
ELYS,Elys Game Tech Corp,5.41,Gaming,943588,124985000
EMAN,Emagin Corp,3.44,Electronics - Semiconductors,2041992,239671000
EMKR,Emcore Corp,5.83,Electrical - Manufacturing,578084,197858000
EML,Eastern Company,26.31,Protection - Safety,19031,153388000
EMMA,Emmaus Life Sciences Inc,1.67,Medical - Biomedical,12385,81318000
EMX,Emx Royalty Group,2.98,Mining - Misc,240359,246416000
ENFA,890 5Th Avenue Partners Inc Cl A,9.75,Unclassified,N/A,80682000
ENG,Englobal Corp,4.32,Engineering & R&D Services,1892542,116985000
ENLV,Enlivex Therapeutics Ltd,11.03,Medical - Drugs,217109,179979000
ENOB,Enochian Biosciences Inc,4,Medical - Biomedical,544278,167171000
ENZ,Enzo Biochem,3.44,Medical - Biomedical,3282447,162532000
EPHY,Epiphany Technology Acquisition Corp. Cl A,9.7,Unclassified,N/A,123384000
EPM,Evolution Petroleum Corp,3.32,Oil - US Exploration & Product,223671,109850000
EPSN,Epsilon Energy,3.98,Oil - US Integrated,27248,93289000
EPWR,Empowerment & Inclusion Capital I Corp Cl A,9.7,Unclassified,N/A,289500000
EQ,Equillium Inc,7.16,Medical - Biomedical,213378,170555000
ERLFF,Entree Resources Ltd,0.56,Mining - Misc,52159,104196000
ERYP,Erytech Pharma,6.74,Medical - Biomedical,7179,151345000
ESCA,Escalade Inc,20.92,Leisure & Recreational Prdcts,48715,280154000
ESEA,Euroseas Ltd,10.99,Transportation - Ship,107636,77532000
ESPGY,Esprit Hlds Ltd ADR,0.235,Retail - Apparel & Shoes,35260,221747000
ESQ,Esquire Financial Holdings Inc,23.01,Banks - Northeast,20331,178465000
ESSA,Essa Bancorp Inc,16.62,Finance - Savings & Loan,28780,165453000
ESSC,East Stone Acquisition Corp,9.92,Technology Services,78791,175791000
ETON,Eton Pharmaceutcials Inc,7.01,Medical - Biomedical,194526,169147000
EUCR,Eucrates Biomedical Acquisition Corp,9.96,Unclassified,44857,132033000
EVAX,Evaxion Biotech A/S ADR,6.03,Medical - Biomedical,73677,127097000
EVBN,Evans Bancorp,33.38,Banks - Northeast,30170,177745000
EVFM,Evofem Biosciences Inc,1.87,Medical - Biomedical,5641939,193667000
EVGN,Evogene Ltd Ord,4.45,Medical - Biomedical,1225093,119480000
EVY,Eaton Vance New York Muni Income Trust,14.4,Finance - Investment Funds,8486,76976000
EXFO,Exfo Inc,4.15,Communications Components,48118,243640000
EXN,Excellon Resources,3.08,Mining - Misc,48374,99382000
EXPR,Express Inc,4.24,Retail - Apparel & Shoes,24831566,264432000
EXTN,Exterran Corp,3.54,Oil Field Machinery & Equip,1103926,115313000
EYEN,Eyenovia Inc,5.66,Medical - Biomedical,151232,135618000
EYES,Second Sight,9.11,Medical Instruments,68206773,205065000
EYPT,Eyepoint Pharmaceuticals Inc,9.98,Medical - Biomedical,303866,291146000
EZPW,Ezcorp Inc,5.16,Finance - Consumer Loans,452709,284667000
FARM,Farmer Brothers,8.77,Food Items - Wholesale,387830,179309000
FAT,Fat Brands Inc,8.22,Retail - Restaurants,50735,102444000
FBIZ,First Business Finan,25.81,Banks - Midwest,29558,223519000
FBSS,Fauquier Bankshares,20.97,Banks - Southeast,6109,78574000
FCAP,First Capital Inc,49.96,Finance - Savings & Loan,7693,169092000
FCAX,Fortress Capital Acquisition Corp Cl A,9.82,Unclassified,N/A,113734000
FCBP,First Choice Bancorp,24.72,Banks - Southwest,35215,284319000
FCCO,First Community Corp,20.97,Banks - Southeast,27160,147981000
FCCY,1st Constitution Bcp,18.47,Banks - Northeast,23215,179525000
FCRD,First Eagle Alt Capital Bdc Inc,4.03,Finance - SBIC & Commercial,56310,120135000
FCUUF,Fission Uranium,0.4719,Mining - Non Ferrous,842593,269316000
FCUV,Focus Universal Inc,4.25,Internet - Services,1400,174080000
FEIM,Frequency Elcts Inc,11.48,Industrial Controls,19166,110303000
FENC,Fennec Pharmaceuticals Inc,6.22,Medical - Drugs,74887,165899000
FENG,Phoenix New Media Ltd,1.91,Broadcast - Radio & TV,4990261,159412000
FET,Forum Energy Technologies Inc,19.52,Oil Field Machinery & Equip,104415,108462000
FETM,Fentura Finl Inc,24.5,Banks - Midwest,4445,112174000
FFBW,Ffbw Inc,11.25,Banks - Northeast,35315,86708000
FFNW,First Financial Nort,14.54,Banks - West,21679,139040000
FGBI,First Gurty Banc,17.68,Banks - Southeast,12975,166771000
FGNA,Fg New America Acquisition Corp Cl A,10.2,Unclassified,536886,244047000
FGPRQ,Ferrellgas Partners LP,0.85,Oil Refining & Marketing MLP,304790,87437000
FHS,First High-School Education Group ADR,6.57,Schools,N/A,199148000
FINM,Marlin Technology Corporation Cl A,9.72,Unclassified,N/A,116688000
FKWL,Franklin Wireless CO,20.35,Computer - Networks,6502,230177000
FKYS,First Keystone Corp,24.99,Banks - Northeast,1987,144389000
FLL,Full House Rsts,8.09,Gaming,670761,181188000
FLUX,Flux Power Holdings Inc,12.1,Electronics Products - Misc,272094,144953000
FLXS,Flexsteel Inds,35.9,Furniture,54815,256816000
FMAO,Farmers & Merch Banc,25.75,Banks - Northeast,13959,274326000
FMBM,F&M Bank Corp,27.3,Banks - Northeast,1050,89059000
FNCB,FNCB Bancorp Inc,7.68,Banks - Northeast,41628,150368000
FNHC,Federated Natl Hld,4.7,Finance - Misc Services,337655,81441000
FNRN,First Northern Comm Banc,10.67,Banks - West,5279,136752000
FNWB,First Nw Banc,16.66,Banks - West,28826,175261000
FONR,Fonar Corp,18.43,Medical Products,36197,119745000
FPLSF,5N Plus Inc,3.4937,Mining - Non Ferrous,3465,285124000
FRAF,Franklin Finl Svcs Corp,30.76,Banks - Northeast,13138,146268000
FRBA,First Bank,11.97,Banks - Northeast,122879,213301000
FRBK,Republic First Bcp,3.79,Banks - Northeast,316955,217223000
FREQ,Frequency Therapeutics Inc,8.68,Medical - Biomedical,2352318,290796000
FRX,Forest Road Acquisition Corp Cl A,10.25,Unclassified,2287259,89963000
FSBW,FS Bancorp Inc,68.41,Banks - West,18788,275187000
FSFG,First Savings Financ,67.88,Finance - Savings & Loan,5405,161517000
FSII,FS Development Corp II Cl A,9.98,Unclassified,99856,223129000
FSRL,First Reliance Bk SC,9.72,Banks - Southeast,1975,83906000
FSTR,Foster L B Company,17.01,Steel - Producers,91640,184174000
FT,Franklin Universal Trust,7.46,Finance - Investment Funds,42370,187218000
FTCV,Fintech Acquisition Corp V Cl A,11.9,Unclassified,4197545,124962000
FTEK,Fuel Tech Inc,3,Pollution Controls,567799,91292000
FTFT,Future Fintech Group Inc,5.9,Beverages - Soft,3716095,292308000
FTK,Flotek Industries,1.86,Oil - Field Services,535626,131312000
FTOC,Ftac Olympus Acquisition Corp Cl A,10.8,Unclassified,2146012,282025000
FUNC,First United Corp,17.75,Banks - Northeast,21566,125872000
FUND,Sprott Focus Trust,7.86,Finance - Investment Funds,91998,226615000
FURY,Fury Gold Mines Limited,1.22,Mining - Gold,362227,144937000
FVAM,501 Acquisition Corp Cl A,10,Unclassified,35417,86386000
FVCB,Fvcbankcorp Inc,17.49,Banks - Southeast,32671,227239000
FVE,Five Star Quality Care,6.21,Medical - Nursing Homes,177322,198627000
FXNC,First Natl Corp Strasburg VA,18,Banks - Southeast,9219,87448000
GAIA,Gaiam Inc,11.75,Broadcast - Radio & TV,129343,227916000
GALT,Galectin Therapeutic,2.15,Medical - Drugs,213810,117008000
GASS,Stealthgas Inc,3,Transportation - Ship,93517,113574000
GAU,Galiano Gold Inc,1.13,Mining - Gold,2660706,246845000
GCBC,Greene County Bncp,24.43,Finance - Savings & Loan,7641,208408000
GCV,Gabelli Convertible and Income Securities,6.01,Finance - Investment Funds,57966,112926000
GDP,Goodrich Petroleum Corp,9.36,Oil - US Exploration & Product,99483,123030000
GDRZF,Gold Reserve Inc,1.52,Mining - Gold,34495,148091000
GECC,Great Elm Capital Corp,3.3,Finance - Investment Mgmt,394349,76166000
GEN,Genesis Healthcare Inc,0.4204,Medical - Nursing Homes,12787140,80329000
GENC,Gencor Industries IN,13.07,Machinery - Thermal Processing,41329,187541000
GEOS,Geospace Technologie,9.31,Electronics - Measuring Inst,44269,120127000
GFASY,Gafisa S.A.,1.65,Building - Residential & Comm,5010,234293000
GFED,Guaranty Fedl Bcshs,19.9,Finance - Savings & Loan,3477,88504000
GGT,Gabelli Global Multi-Media Trust,9.47,Finance - Investment Funds,80041,244010000
GHLD,Guild Holdings Company Cl A,14.65,Finance - Misc Services,23288,286155000
GHM,Graham Corp,14.56,Machinery - General Industrial,49877,141240000
GIK,Gigcapital3 Inc,10.67,Unclassified,1719356,276796000
GIX,Gigcapital2 Inc,10.01,Unclassified,497303,216433000
GLAQ,Globis Acquisition Corp,9.85,Unclassified,92098,147951000
GLDG,Goldmining Inc,1.68,Mining - Gold,667895,242433000
GLEO,Galileo Acquisition Corp,10.02,Unclassified,103521,173043000
GLG,China Bat Group Inc,2.04,Banks - Foreign,1060227,160636000
GLMD,Galmed Pharmaceutica,3.39,Medical - Drugs,377391,88546000
GLOP,Gaslog Partners LP,2.86,Transportation - Ship,1106511,142828000
GLTO,Galecto Inc,6.23,Medical - Biomedical,43328,166975000
GLYC,Glycomimetics Inc,3.04,Medical - Drugs,925576,149848000
GMBL,Esports Entertainment Group Inc,14.8,Gaming,1750755,251646000
GMLP,Golar Lng Partners,3.49,Oil Refining & Marketing MLP,274348,242557000
GMTX,Gemini Therapeutics Inc,14.79,Medical - Drugs,354319,236443000
GNCA,Genocea Biosciences,2.67,Medical - Drugs,361311,140217000
GNE,Genie Energy Ltd Cl B,6.44,Utility - Electric Power,105753,173314000
GNFT,Genfit S.A. ADR,4.68,Medical - Biomedical,59650,180694000
GNPK,Genesis Park Acquisition Corp Cl A,10.55,Unclassified,423577,202059000
GNPX,Genprex Inc,4.51,Medical - Biomedical,1082719,191284000
GNRS,Greenrose Acquisition Corp,9.96,Unclassified,667810,217169000
GNSS,Genasys Inc,7.27,Consumer Services - Misc,142223,244234000
GORO,Gold Resource Corp,2.66,Mining - Gold,965673,198008000
GPAC,Global Partner Acquisition Corp II Class A Ordin,9.69,Unclassified,N/A,288600000
GPL,Great Panther Mining Ltd,0.7847,Mining - Silver,3114823,277452000
GPP,Green Plains Partners LP,12.55,Transportation - Services,89786,282441000
GPX,Gp Strategies Corp,16.7,Schools,80887,278798000
GRAY,Graybug Vision Inc,5.89,Medical - Biomedical,935996,127948000
GRNQ,Greenpro Capital Corp,2.52,Finance - Misc Services,4241066,174057000
GROW,U S Global Inv Inc,7.1,Finance - Investment Mgmt,217864,105010000
GROY,Gold Royalty Corp,4.54,Mining - Gold,N/A,185754000
GRTX,Galera Therapeutics Inc,9.31,Medical - Biomedical,44051,259251000
GSIT,Gsi Technology Inc,6.98,Computer - Storage Devices,119420,168490000
GSMG,Glory Star New Media Group Holdings Ltd,4.72,Technology Services,243925,233859000
GSV,Gold Standard Ventures Corp,0.6044,Mining - Gold,5720271,214235000
GTE,Gran Tierra Energy Inc,0.706,Oil - C$ Exploration & Product,10384946,263310000
GTEC,Greenland Technologies Holding Corp,15.5,Electronics Products - Misc,129357,149293000
GTLL,Global Techs Ltd,0.0062,Computer - Integrated Systems,195061063,91380000
GTT,Global Telcom & Technology Inc,1.79,IT Services,9270934,101169000
GWAC,Good Works Acquisition Corp,10.64,Unclassified,1505504,218861000
GWGH,Gwg Holdings,7,Insurance - Life,16119,233651000
HALL,Hallmark Fin Svc,4.12,Insurance - Proprty & Casualty,332294,76015000
HARL,Harleysville Savings Bank,23.73,Banks - Northeast,1542,89957000
HBB,Hamilton Beach Brands Holding Company Cl A,16.84,Appliances - Household,52347,235125000
HBIO,Harvard Bioscience,5.5,Industrial Scientific,359303,219043000
HBP,Huttig Bldg Products,3.51,Building Prds Retail - Wsale,87806,94592000
HBPCF,Helix Biopharma Corp,0.6713,Medical - Biomedical,2640,94743000
HCAQ,Healthcor Catalio Acquisition Corp Cl A,9.9,Unclassified,106020,230369000
HCCC,Healthcare Capital Corp. Cl A,9.69,Unclassified,N/A,79555000
HCIC,Hennessy Capital Investment Corp. V Cl A,9.9,Unclassified,N/A,99455000
HDVTY,Henderson Investment Ltd ADR,0.27,Real Estate Developers,1380,164556000
HEOFF,H2O Innovation,1.99,Pollution Controls,66491,167794000
HEPA,Hepion Pharmaceuticals Inc,1.9,Medical - Biomedical,7524007,147114000
HGBL,Heritage Global Inc,2.93,Finance - Misc Services,183689,103947000
HIL,Hill International Inc,2.9,Consulting,214660,155888000
HLAN,Heartland Banccorp,94.68,Banks - Midwest,495,186336000
HLXA,Helix Acquisition Corp Cl A,10.16,Unclassified,23120,121805000
HMCO,Humanco Acquisition Corp Cl A,9.85,Unclassified,103672,84245000
HMNF,Hmn Financial Inc,20.4,Finance - Savings & Loan,9962,96513000
HQI,Hirequest Inc,18.35,Staffing,23724,231438000
HRCXF,Hurricane Energy,0.0431,International E&P,320002,81599000
HROW,Harrow Health Inc,6.64,Medical Services,184851,171748000
HRZN,Horizon Technology F,14.35,Finance - SBIC & Commercial,244866,270060000
HSAQ,Health Sciences Acquisitions Corp 2,10.47,Unclassified,50834,215748000
HSBI,Heritage Southeast Bancorporation Inc,14.7,Banks - Foreign,1945,103516000
HTBX,Heat Biologics Inc,7.39,Medical - Drugs,991328,173538000
HTOO,Fusion Fuel Green Plc,12.2,Other Alt Energy,344668,122903000
HTPA,Highland Transcend Partners I Corp Cl A,9.88,Unclassified,104671,90370000
HURC,Hurco Cos Inc,33.52,Machinery - Tools & Related,46114,209885000
HWBK,Hawthorn Bancshares,21.51,Banks - Northeast,18052,136082000
HYB,New America High,9.04,Finance - Investment Funds,44496,210321000
HYMC,Hycroft Mining Holding Corp,4.04,Mining - Misc,243179,296325000
HYRE,Hyrecar Inc,9.2,Transportation - Services,456213,184411000
HZN,Horizon Global Corp Comm,10.29,Auto - Truck Original Parts,82180,270556000
IACA,ION Acquisition Corp 1 Ltd Cl A,10.16,Unclassified,266226,261855000
ICBK,County Bancorp,23.75,Banks - Northeast,17631,139775000
ICCC,Immucell Cp,9.5,Medical Products,24194,75231000
ICMB,Investcorp Credit Management Bdc Inc,5.44,Finance - SBIC & Commercial,70791,75837000
ICTSF,I C T S Intl NV,5.3,Protection - Safety,1541,186416000
IDBA,Idex Biometrics ASA American Depositary Shares,22.39,Technology Services,N/A,291089000
IDN,Intellicheck Mobilisia,8.43,Protection - Safety,298972,149124000
IDXAF,Idex As Ord,0.34,Technology Services,5920,275832000
IEA,Infrastructure and Energy Alternatives Inc,14.35,Real Estate Operations,974697,297994000
IEC,IEC Electronics,11.96,Electronics - Misc Components,113721,125490000
IFRX,Fireman B.V.,4.06,Medical - Biomedical,470727,170751000
IGC,India Globalization Capital Inc,1.74,Medical - Drugs,3143369,78030000
III,Information Svcs Group,4.37,Consulting,288220,201348000
IIII,Insu Acquisition Corp III Cl A,9.85,Unclassified,56612,103163000
IIN,Intricon Corp,25.13,Electronics - Misc Components,66683,201116000
IMBI,Imedia Brands Inc,7.92,Movie & TV Production & Dist,120044,109620000
IMMP,Immutep Ltd ADR,3.11,Medical - Biomedical,6144434,128247000
IMMR,Immersion Corp,9.53,Computers - Peripheral Equpt,1244506,287039000
IMRA,Imara Inc,8.61,Medical - Biomedical,137867,154836000
IMTX,Immatics NV,12.32,Medical - Biomedical,2201582,225344000
IMV,Imv Inc,3.03,Medical - Drugs,297659,197474000
INFI,Infinity Pharmaceuti,3.39,Medical - Drugs,2470547,200326000
INMB,Inmune Bio Inc,12.39,Medical - Biomedical,192393,183676000
INOD,Innodata Inc,6.93,Computer - Services,278558,177651000
INPX,Inpixon,1.2,Technology Services,8409587,84869000
INSE,Inspired Entertainment Inc,8.62,Technology Services,214131,195496000
INSI,Insight Select Income Fund,20.32,Finance - Investment Mgmt,18995,217413000
INTG,Intergroup Cp The,38.25,Real Estate Developers,3646,83121000
INTT,Intest Corp,10.92,Electronics - Measuring Inst,100006,106027000
INUV,Inuvo Inc,1.07,Internet - Services,9770671,133923000
INVE,Identiv Inc,11.49,Computers - Peripheral Equpt,86279,196074000
IOTC,Iota Communications Inc,0.259,Technology Services,38616,92080000
IPA,Immunoprecise Antibodies Ltd,9.73,Medical Information Systems,69450,168090000
IRIX,Iridex Cp,7.08,Lasers - Systems & Components,202664,98676000
IRMD,Iradimed Cp,23.56,Medical Instruments,33760,295218000
IRS,Irsa Inversiones Y Representaciones S.A.,3.86,Real Estate Developers,40452,223949000
ISDR,Issuer Direct Corp,21.49,Printing - Commercial,26096,83716000
ISR,Isoray Inc,1.12,Medical - Drugs,6367975,169440000
ISSC,Innovative Sol&Sup,6.1,Aerospace - Defense Equipment,25017,105176000
ISTR,Investar Holding,20.69,Banks - Southeast,42456,214947000
ITAC,Industrial Tech Acquisitions Inc Cl A,10.05,Technology Services,264871,96100000
ITI,Iteris Inc,6.2,Computer - Integrated Systems,403457,252761000
ITRG,Integra Resources Corp,2.92,Mining - Misc,51806,157815000
ITRM,Iterum Therapeutics Plc,1.41,Medical - Drugs,17099883,250599000
IVAC,Intevac Inc,5.75,Electrical - Manufacturing,73043,134181000
IVAN,Ivanhoe Capital Acquisition Corp Cl A,9.92,Unclassified,N/A,82256000
IVC,Invacare Corp,8.17,Medical - Dental Suppliers,696700,269196000
IZEA,Izea Inc,4.05,Internet - Software,2388451,214291000
JAGX,Jaguar Health Inc,1.84,Medical - Drugs,11437769,214429000
JAX,J. Alexander's Holdings Inc C,9.66,Retail - Restaurants,63833,136112000
JE,Just Energy Group Inc,1.745,Utility - Gas Distribution,6820465,83898000
JEQ,Japan Equity Fund,9.08,Finance - Investment Funds,20009,120136000
JFBC,Jeffersonville Bancorp,18.36,Banks - Northeast,2370,77736000
JHI,John Hancock Investors Trust,17.79,Finance - Investment Funds,13315,154723000
JHS,John Hancock Income Securities Trust,15.26,Finance - Investment Funds,17464,178199000
JILL,J. Jill Inc,8.81,Retail - Apparel & Shoes,1046723,77344000
JMP,JMP Group Inc,5.85,Finance - Investment Brokers,78864,117622000
JOF,Japan Smaller Capitalization Fund Inc,9.41,Finance - Investment Funds,65330,262939000
JP,Jupai Holdings Ltd,2.39,Finance - Investment Mgmt,100228,80576000
JYAC,Jiya Acquisition Corp Cl A,9.77,Unclassified,24510,127140000
KAIR,Kairos Acquisition Corp Cl A,9.68,Unclassified,N/A,77203000
KALO,Kallo Inc,0.0956,Internet - Software,174280,110077000
KDOZF,Kidoz Inc,0.74,Gaming,4825,99651000
KEGX,Key Energy Services Inc,5.5,Oil & Gas - Drilling,1776,79241000
KERN,Akerna Corp Cl A,5.1,Medical Products,2340579,104961000
KF,Korea Fund,42.94,Finance - Investment Funds,6309,212065000
KFS,Kingsway Financial Services,4.5,Insurance - Proprty & Casualty,11063,99247000
KIN,Kindred Biosciences,4.59,Medical - Biomedical,371521,183205000
KINS,Kingstone Cos Inc,7.68,Insurance - Proprty & Casualty,16364,84760000
KINZ,Kins Technology Group Inc Cl A,9.82,Unclassified,244439,80621000
KLAQ,KL Acquisition Corp Cl A,9.66,Unclassified,N/A,82615000
KLXE,Klx Energy Services Holdings Inc,16.63,Oil - Field Services,131303,138119000
KMDA,Kamada Ltd,6.09,Medical - Biomedical,125163,269346000
KMPH,Kempharm Inc,9.35,Medical - Drugs,8263610,257086000
KNWN,Know Labs Inc,3.6,Technology Services,81215,96012000
KOR,Corvus Gold Inc,1.88,Mining - Gold,123869,246015000
KOSS,Koss Cp,21.13,Audio & Video Products,8024360,125058000
KRKR,36Kr Holdings Inc ADR,3.36,Business Information,202710,121106000
KRMD,Repro Med Sys Inc,3.47,Medical Instruments,317259,165665000
KRUS,Kura Sushi USA Inc Cl A,31.36,Retail - Restaurants,75028,251904000
KSHB,Kush Bottles Inc,1.2,Conglomerates - Div Operations,877645,161057000
KSM,Scudder Strategic Municiple Income Trust,11.84,Finance - Investment Mgmt,14047,134179000
KTCC,Key Tronic Cp,8.03,Electronics Products - Misc,39755,84574000
KTYB,Kentucky Bancshs,37.12,Banks - Southeast,5300,220572000
KUKE,Kuke Music Holding Limited ADR,6.32,Audio & Video Products,359973,225300000
KULR,Kulr Technology Group Inc,2.3,Electronics - Semiconductors,206121,211190000
KVHI,K V H Inds Inc,12.82,Communications Components,118962,220607000
KWAC,Kingswood Acquisition Corp Cl A,9.95,Unclassified,106612,141594000
KXIN,Kaixin Auto Holdings,3.18,Auto - Truck Replacement Parts,3171272,187124000
KZIA,Kazia Therapeutics Ltd,11.12,Medical - Biomedical,132040,106612000
LACQ,Leisure Acquisition Corp,13.38,Unclassified,5238,77803000
LAIX,Laix Inc ADR,2.52,Technology Services,1327546,118212000
LAKE,Lakeland Inds Inc,27.27,Protection - Safety,186982,212771000
LARK,Landmark Bancorp Inc,27.57,Finance - Savings & Loan,12912,131697000
LATN,Union Acquisition Corp II,10.04,Unclassified,372515,250000000
LAZY,Lazydays Holdings Inc,17.2,Leisure & Recreational Prdcts,147752,190184000
LBPH,Longboard Pharmaceuticals Inc,16.5,Medical - Biomedical,N/A,279130000
LCAP,Lionheart Acquisition Corp II Cl A,9.82,Unclassified,123186,287532000
LCI,Lannett CO Inc,5.82,Medical - Drugs,456177,241788000
LCNB,Lcnb Corp,18.46,Banks - Northeast,56631,223493000
LEAP,Ribbit Leap Ltd Cl A,10.95,Unclassified,208653,228233000
LEE,Lee Enterprises Inc,22.37,Publishing - Newspapers,70047,133978000
LEGO,Legato Merger Corp,9.64,Unclassified,N/A,254251000
LEVL,Level One Bancorp Inc,24.75,Banks - Northeast,36728,180913000
LFT,Lument Finance Trust Inc,3.67,Finance - Misc Services,91356,89543000
LFTR,Lefteris Acquisition Corp Cl A,9.87,Unclassified,340793,252657000
LFVN,Lifevantage Cp,9.54,Medical - Dental Suppliers,87956,132320000
LGIQ,Logiq Inc.,6.6,Internet Commerce,42636,112824000
LGVN,Longeveron Inc,5.88,Medical - Biomedical,1243848,115235000
LHAA,Lerer Hippeau Acquisition Corp. Cl A,9.94,Unclassified,N/A,254349000
LHC,Leo Holdings Corp II Cl A,9.66,Unclassified,N/A,114163000
LIACF,American Lithium Corp,1.99,Mining - Misc,1174067,264248000
LINC,Lincoln Educational,6.65,Schools,240043,182716000
LIQT,Liqtech International Inc,8.01,Pollution Controls,63285,189481000
LIVK,Liv Capital Acquisition Corp Cl A,10.1,Unclassified,28320,100611000
LJAQ,Lightjump Acquisition Corp,9.76,Unclassified,N/A,167099000
LJPC,LA Jolla Pharma,4.47,Medical - Drugs,279382,123426000
LMB,Limbach Holdings Inc,11.04,Building - Maint & Service,105577,107337000
LMNL,Liminal Biosciences Inc,4.07,Medical - Biomedical,302558,121658000
LMNR,Limoneira Company,17.34,Agriculture Operations,90346,289857000
LMPX,Lmp Automotive Holdings Inc,16.92,Internet Commerce,121082,171076000
LMST,Limestone Bancorp Inc,15.72,Banks - Northeast,12531,103863000
LND,Brasilagro ADR,4,Agriculture Operations,25890,253384000
LNFA,L&F Acquisition Corp Cl A,10.08,Unclassified,79952,213689000
LNSR,Lensar Inc,7.73,Medical Instruments,41354,87573000
LODE,Comstock Mining Inc,4.83,Mining - Gold,2906357,196147000
LOGC,Logicbio Therapeutics Inc,7.03,Medical - Biomedical,139304,230587000
LPCN,Lipocine Inc,1.47,Medical - Drugs,5100806,129788000
LPTH,Lightpath Tech Inc,2.9,Electronics - Misc Components,433172,76846000
LPTX,Leap Therapeutics Inc,1.98,Medical - Biomedical,1058826,125282000
LQDA,Liquidia Corp,2.53,Medical - Biomedical,959074,108773000
LQMT,Liquidmetal Tech,0.094,Metal Production & Fabrication,1127187,86690000
LRMR,Larimar Therapeutics Inc,17.18,Medical - Drugs,57642,269247000
LSAQ,Lifesci Acquisition II Corp,10.4,Unclassified,62359,99309000
LSBK,Lake Shore Bancorp,15.05,Finance - Savings & Loan,2781,88003000
LTRN,Lantern Pharma Inc,18.71,Medical - Biomedical,167745,209438000
LTRX,Lantronix Inc,4.44,Computer - Networks,141673,126322000
LTUS,Lotus Pharmaceutical,0.091,Medical - Drugs,213201,265007000
LUB,Luby's Inc,3.42,Retail - Restaurants,47802,101141000
LUMO,Lumos Pharma Inc,12.7,Medical - Biomedical,120212,113311000
LWAC,Locust Walk Acquisition Corp. Cl A,9.65,Unclassified,N/A,191920000
LWAY,Lifeway Foods Inc,5.8,Food - Dairy Products,23419,102674000
LWLG,Lightwave Logic Inc,1.55,Chemical - Plastics,230758,165932000
LXEH,Lixiang Education Holding CO ADR,7.45,Schools,8794,118480000
LXU,Lsb Industries Inc,4.5,Conglomerates - Div Operations,173302,121354000
LYBC,Lyons Bancorp Inc,42.26,Banks - Northeast,595,135725000
LYRA,Lyra Therapeutics Inc,11.9,Medical - Drugs,114509,156282000
LYTS,L S I Industries,8.55,Building Products - Ltg FX,113943,217568000
MACK,Merrimack Pharmaceuticals Inc,6.5,Medical - Biomedical,66149,85019000
MACU,Mallard Acquisition Corp,9.71,Unclassified,14461,138521000
MAGS,Magal Security Syst,4.4,Protection - Safety,29151,100257000
MARK,Remark Holdings Inc,2.22,IT Services,2902294,215919000
MBCN,Middlefield Banc,21.77,Banks - Northeast,24938,135560000
MBIO,Mustang Bio Inc,3.24,Medical - Biomedical,2717716,200281000
MBNKF,Metro Bank Plc,1.6,Banks - Foreign,3830,134999000
MBRX,Moleculin Biotech CS,3.83,Medical - Biomedical,791762,100123000
MCCK,Mestek Inc,31.7,Building Prdcts - Air Heating,970,240320000
MCEM,Monarch Cement CO,94,Building - CMT & CNT & AG,1508,244754000
MCHX,Marchex Inc,2.94,Internet - Services,151268,119109000
MCI,Massmutual Corporate Investors,13.97,Finance - Investment Mgmt,25902,283263000
MCMJ,Merida Merger Corp I,9.9,Unclassified,89993,128850000
MDCA,Mdc Partners Cl A,3.32,Advertising Marketing Services,218532,236773000
MDNA,Medicenna Therapeutics Corp,3.97,Medical - Biomedical,179760,202818000
MDWD,Mediwound Ltd Ord Sh,4.96,Medical - Drugs,121915,136185000
MDWT,Midwest Holding Inc,50.69,Finance - Misc Services,17791,189646000
MEEC,Midwest Energy Emissions Corp,1.25,Pollution Controls,236494,102951000
METC,Ramaco Resources Inc,4.21,Coal,88093,183339000
MFIN,Medallion Fin Cp,7.05,Finance - SBIC & Commercial,63023,171524000
MFM,MFS Muni Income Trust,6.7,Finance - Investment Funds,79775,275136000
MFNC,Mackinac Financial,14.37,Banks - Midwest,25772,145063000
MFON,Mobivity Holdings Corp,1.8,Wireless National,8127,103619000
MFT,Blackrock Muniyield Investment Qualityfund,14.5,Finance - Investment Funds,12961,122516000
MGF,MFS Government Markets Income Trust,4.38,Finance - Investment Funds,143107,141749000
MGYR,Magyar Bancorp Inc,14.24,Banks - Northeast,3730,78155000
MHF,Western Asset Muni High,7.62,Finance - Investment Funds,36456,163762000
MHGU,Meritage Hosp Gr,20,Retail - Restaurants,1386,132767000
MHH,Mastech Holdings Inc,18.49,IT Services,38268,202784000
MHLD,Maiden Holdings Ltd,3.24,Insurance - Proprty & Casualty,250511,267871000
MICT,Micronet Enertec Tec,2.08,Computer - Services,10011655,240789000
MINM,Zoom Telephonics Inc,3.2,Communications Components,25910,110671000
MIST,Milestone Pharmaceuticals Inc,6.2,Medical - Biomedical,94946,186692000
MITC,Meatech 3D Ltd,9.01,Technology Services,N/A,103982000
MITO,Stealth Biotherapeutics Corp Ads,1.58,Medical - Biomedical,209240,89805000
MITT,Ag Mortgage Investment Trust,4.2,REIT - Mortgage Trusts,1307589,169140000
MKD,Molecular Data Inc Ads,1.16,Technology Services,2954571,119644000
MKTY,Mechanical Technology Inc,13.25,Industrial Controls,78969,102246000
MLAC,Malacca Straits Acquisition Company Ltd Cl A,9.94,Unclassified,211918,140156000
MLGF,Malaga Financial Corp,23.99,Banks - West,2160,183688000
MLP,Maui Land & Pineapple Company,11.55,Real Estate Operations,31744,216392000
MLSS,Milestone Scientific,3.46,Medical - Dental Suppliers,773041,218467000
MLVF,Malvern Bncp,18.79,Banks - Northeast,9779,142307000
MMAC,Mma Capital Mngt,23.36,Finance - Mortgage & Rel Svs,24629,132902000
MMLP,Martin Midstrm LP,2.44,Transportation - Ship,415174,97621000
MMMB,Mamamancini's Holdin,2.85,Food - Misc & Diversified,62084,96131000
MN,Manning & Napier Inc,6.55,Finance - Investment Mgmt,79846,107521000
MNOV,Medicinova Inc,4.98,Medical - Biomedical,2369019,240971000
MNP,Western Asset Muni Partners Fund,15.06,Finance - Investment Funds,9839,146175000
MNPR,Monopar Therapeutics Inc,6.38,Medical - Biomedical,50444,76957000
MNSB,Mainstreet Bank,20.74,Banks - Northeast,31990,152143000
MNTX,Manitex Intl Inc,7.77,Machinery - General Industrial,39379,159163000
MOGO,Mogo Inc,8.48,Technology Services,4159731,291787000
MOGU,Mogu Inc ADR,1.86,Retail - Apparel & Shoes,558895,172445000
MOHO,Ecmoho Ltd ADR,2.07,Medical Information Systems,39388,75600000
MOTN,Motion Acquisition Corp Cl A,9.93,Unclassified,255140,141737000
MOTV,Motive Capital Corp Cl A,9.85,Unclassified,282803,118057000
MPA,Blackrock Muniyield Pennsylvania Quality Fund,14.44,Finance - Investment Funds,17636,191355000
MPB,Mid Penn Bancorp Inc,25.9,Banks - Northeast,19080,214373000
MPV,Massmutual Participation Investors,12.67,Finance - Investment Mgmt,12660,135176000
MPVDF,Mountain Province Diamonds Inc,0.4139,Mining - Misc,22950,98931000
MRAC,Marquee Raine Acquisition Corp Cl A,9.82,Unclassified,181419,108690000
MRAM,Everspin Technologies Inc,6.2,Technology Services,202383,111982000
MRBK,Meridian Bank,26.08,Banks - Northeast,44273,154720000
MRCC,Monroe Capital Corp,10.03,Finance - Investment Mgmt,170603,208353000
MREO,Mereo Biopharma Group Plc ADR,3.59,Medical - Biomedical,2572547,88395000
MRKR,Marker Therapeutics Inc,2.35,Medical - Drugs,8471289,118203000
MRLN,Marlin Business Serv,14.06,Finance - SBIC & Commercial,38404,166993000
MRTI,Maxus Realty Trust,130,REIT - Equity Trust Resident,320,152711000
MSD,Morgan Stanley Emerging Markets Debt,8.98,Finance - Investment Funds,55758,182464000
MTAC,Medtech Acquisition Corp Cl A,9.82,Unclassified,106845,264275000
MTBC,Mtbc Inc,8.65,Medical Information Systems,164993,119161000
MTCR,Metacrine Inc,7,Medical - Biomedical,49019,192296000
MTENY,Mahanagar Telephone Nigam Ltd,0.53,Wireline Non-US,6290,166950000
MTNB,Matinas Biopharma Hl,1.12,Medical - Drugs,1899033,209414000
MVEN,The Maven Inc,0.948,Cable TV,28701,175247000
MYF,Blackrock Muniyield Investment Fund,13.69,Finance - Investment Funds,44626,186785000
MYFW,First Western Financial Inc,28.9,Banks - Midwest,34025,205553000
NAII,Natural Alternativ,15.64,Medical - Drugs,25927,99250000
NATH,Nathan's Famous IN,66.9,Retail - Restaurants,11531,265000000
NAZ,Nuveen Arizona Premium Fund,15,Finance - Investment Funds,12152,175532000
NBA,New Beginnings Acquisition Corp,9.95,Unclassified,384070,148379000
NBAC,Newborn Acquisition Corp,15.52,Unclassified,186225,115779000
NBN,Northeast Bncp,26.26,Finance - Savings & Loan,30192,233593000
NBSE,Neu Base Therapeutics Inc,7.25,Medical - Biomedical,208979,174777000
NC,Nacco Industries,24.9,Appliances - Household,35107,151107000
NCA,Nuveen California Muni Value Fund,10.09,Finance - Investment Funds,65578,283187000
NCNA,Nucana Plc ADR,4.98,Medical - Biomedical,241711,244415000
NCTY,The9 Ltd,34.29,Internet - Content,2538170,106704000
NDRA,Endra Life Sciences Inc,2.43,Medical Instruments,2607071,86824000
NEBC,Nebula Caravel Acquisition Corp Cl A,10.01,Unclassified,478620,80895000
NECB,Northeast Community Bancorp,16.45,Banks - Northeast,16735,195557000
NEN,New England Realty Associates Ltd Partnershi,55.38,Real Estate Operations,2251,164183000
NEON,Neonode Inc,8.46,Computer - Software,65294,92615000
NEPT,Neptune Wellness Solutions Inc,1.36,Medical Products,4229131,238270000
NERV,Minerva Neuroscie,2.92,Medical - Drugs,354861,122612000
NETI,Eneti Inc,20.45,Transportation - Ship,86510,230837000
NEXCF,Nextech AR Solutions Corp,3.43,IT Services,206480,266481000
NEXT,Nextdecade Corp,2.5501,Oil Gas Prod Pipeline MLP,1792994,254893000
NGAB,Northern Genesis Acquisition Corp II,9.75,Unclassified,N/A,119419000
NGL,Ngl Energy Partners LP,2.1,Oil Refining & Marketing MLP,4338003,279003000
NGS,Natural Gas Services Group,9.15,Oil Field Machinery & Equip,45341,117988000
NHS,Neuberger Berman High Yield Strategies,12.52,Finance - Investment Funds,40681,244849000
NHTC,Natural Hlth Trd,6.85,Consumer Prdts - Misc Discr,33043,76642000
NICK,Nicholas Fincl Inc,10.49,Finance - Consumer Loans,6233,132300000
NIM,Nuveen Maturities Fund,10.66,Finance - Investment Funds,25581,130050000
NINE,Nine Energy Service Inc,2.41,Oil - Field Services,237879,88038000
NISN,Nisun Int Ent Dev Grp CO Ltd,16.01,Technology Services,90292,293806000
NKSH,Natl Bankshares Inc,36.13,Banks - Southeast,23319,222689000
NM,Navios Maritime Holdings Inc,10.13,Transportation - Ship,478803,137044000
NMCI,Navios Maritime Containers L.P.,10.3,Transportation - Ship,474847,298179000
NMI,Nuveen Muni,11.26,Finance - Investment Funds,13590,103735000
NMM,Navios Maritime Partners LP,26.2,Transportation - Ship,432647,272610000
NMMC,North Mountain Merger Corp Cl A,9.85,Unclassified,77969,163988000
NMRD,Nemaura Med Inc,7.59,Medical Instruments,104751,192153000
NMT,Nuveen Massachusetts Premium Fund,14.31,Finance - Investment Funds,11781,132280000
NMTR,9 Meters Biopharma Inc,1.42,Medical - Biomedical,5009056,196926000
NNY,Nuveen New York Muni Value Fund,9.67,Finance - Investment Funds,21558,146713000
NOBH,Nobility Homes,29.5,Building - Mobile Homes & RV,1050,116227000
NOTV,Inotiv Inc,18.95,Medical Instruments,122341,204254000
NOVN,Novan Inc,1.43,Medical - Drugs,8331495,222930000
NPV,Nuveen Virginia Premium Fund,16.23,Finance - Investment Funds,12010,292664000
NR,Newpark Resources,3.26,Oil - Field Services,1073312,283777000
NRBO,Neurobo Pharmaceuticals Inc,4.5,Medical - Biomedical,266983,89896000
NREF,Nexpoint Real Estate Finance Inc,18.17,REIT - Mortgage Trusts,46217,92868000
NRIM,Northrim Bancorp Inc,43.87,Banks - West,31671,258211000
NRP,Natural Resource Partners LP,15.55,Coal,19172,202290000
NSAV,Net Savings Link Inc,0.0194,Internet - Content,71264258,100300000
NSH,Navsight Holdings Inc Cl A,10.05,Unclassified,1800349,230230000
NSPR,Inspiremd Inc,0.6602,Medical Instruments,7996709,76002000
NSRCF,Nextsource Materials,0.2738,Mining - Misc,333792,176752000
NTIC,Northern Technologies Intl Corp,15.33,Chemical - Diversified,25351,134202000
NTIP,Network-1 Sec Solu,3.16,Internet Software Services,14007,79790000
NTRB,Nutriband Inc,22.75,Medical - Drugs,760,143334000
NTZ,Natuzzi S.P.A.,12.09,Furniture,11971,136686000
NUO,Nuveen Ohio Quality,15.59,Finance - Investment Funds,15851,284463000
NUVB,Nuvation Bio Inc,10.28,Medical - Biomedical,1591708,220180000
NUVR,Nuvera Communications Inc,23.67,Wireless National,2355,120879000
NVVE,Nuvve Holding Corp,10.95,Unclassified,232621,93698000
NWFL,Norwood Financial Cp,26.4,Banks - Northeast,19985,215441000
NWHM,New Home CO Llc,5.36,Building & Construction - Misc,63739,88372000
NWIN,Northwest Indiana Bancorp,42.6,Banks - Northeast,1740,146461000
NXC,Nuveen California Tax-Free Income,16.42,Finance - Investment Funds,6302,102901000
NXP,Nuveen Tax Free Income Portfolio,17.3,Finance - Investment Funds,26889,284644000
NXQ,Nuveen Tax Free Income Portfolio II,15.85,Finance - Investment Funds,24886,276693000
NXR,Nuveen Tax Free Income Portfolio III,16.45,Finance - Investment Funds,28593,213693000
NXTC,Nextcure Inc,10.46,Medical - Biomedical,177518,295320000
NYC,New York City REIT Inc Cl A,8.74,REIT - Equity Trust Retail,32807,109523000
NYMX,Nymox Pharm Corp,2.4,Medical - Biomedical,222580,182218000
OASMY,Oasmia Pharmaceutical Ab ADR,1.11,Medical - Drugs,4230,165897000
OBCI,Ocean Bio Chem Inc,12.39,Soap and Cleaning Products,27086,116195000
OBELF,Obsidian Energy Ltd,1.61,Oil - C$ Exploration & Product,245770,112490000
OBSV,Obseva Sa,3.2,Medical - Biomedical,1757584,179565000
OCA,Omnichannel Acquisition Corp Cl A,9.81,Unclassified,108718,244000000
OCBI,Orange County Bancor,30.75,Banks - Northeast,1796,137472000
OCG,Oriental Culture Holding Ltd,9.26,Internet Commerce,17848250,190397000
OCN,Ocwen Financial Corp,26.95,Finance - Mortgage & Rel Svs,60889,227444000
ODC,Oil-Dri Corp of America,35.29,Chemical - Diversified,21864,257218000
ODT,Odonate Therapeutics Inc,3.09,Medical - Drugs,3045963,120058000
OEG,Orbital Energy Group Inc,5.38,Other Alt Energy,2743979,233648000
OESX,Orion Energy Syst,7.13,Building Products - Ltg FX,285367,221780000
OFED,Oconee Fed Fin Corp,26.4,Finance - Savings & Loan,4519,136353000
OFS,Ofs Capital Corp,8.6,Finance - SBIC & Commercial,64041,113977000
OGEN,Oragenics Inc,0.9017,Medical - Biomedical,13788055,88813000
OIIM,O2Micro Intl Ltd,7.45,Electronics - Semiconductors,363751,197748000
OMEG,Omega Alpha Spac Cl A,9.82,Unclassified,49507,154650000
OMEX,Odyssey Marine Expl,6.67,Transportation - Ship,32301,81061000
ONCS,Oncosec Medical,5.11,Medical - Biomedical,215634,194347000
ONCY,Oncolytics Biotech Inc,3.7,Medical - Biomedical,1977274,214065000
ONDS,Ondas Holdings Inc,9.84,Communication Network Software,455143,259977000
ONTX,Onconova Therapeutic,1.01,Medical - Drugs,25988813,219765000
OPBK,Open Bank,11.31,Banks - Southwest,126612,161551000
OPOF,Old Point Finl Cp,23.96,Banks - Southeast,4854,123771000
OPTN,Optinose Inc,3.53,Medical - Drugs,545600,183723000
OPTT,Ocean Power Tech Inc,2.95,Other Alt Energy,4442671,145820000
ORGS,Orgenesis Inc,5.57,Medical - Biomedical,198510,146410000
ORMP,Oramed Pharma,10.1,Medical Products,1107493,296050000
ORN,Orion Group Holdings Inc,5.65,Building - Heavy Construction,249844,166317000
ORRF,Orrstown Finl Svcs,22.57,Banks - Northeast,46848,240343000
OSG,Overseas Shipholding Group Inc,2.13,Transportation - Ship,704918,182171000
OSMT,Osmotica Pharmaceuticals Plc,3.73,Medical - Biomedical,320219,217796000
OSS,One Stop Systems Inc,6.42,Internet - Software,653752,110435000
OTIC,Otonomy Inc,2.65,Medical - Drugs,784279,128529000
OTRA,Otr Acquisition Corp Cl A,9.96,Unclassified,55674,126116000
OUST,Ouster Inc,8.99,Electronics - Misc Components,1656691,203750000
OVBC,Ohio Valley Banc Cp,24.65,Banks - Midwest,11502,115137000
OVID,Ovid Therapeutics Inc,3.97,Medical - Biomedical,8618536,253810000
OVLY,Oak Valley Bancp CA,18.03,Banks - West,22128,142022000
OXSQ,Oxford Square Capital Corp,4.56,Finance - SBIC & Commercial,388672,225635000
PACX,Pioneer Merger Corp. Cl A,9.71,Unclassified,N/A,114237000
PAI,Pacific American Income Shares,15.2,Finance - Investment Funds,14961,142635000
PAIC,Petra Acquisition Inc,10.05,Unclassified,45271,92860000
PANL,Pangaea Logistics So,3.23,Transportation - Ship,202873,143241000
PAQC,Provident Acquisition Corp. Cl A,9.82,Unclassified,N/A,240000000
PAYS,Paysign Inc,4.39,Financial Transaction Services,306238,195887000
PBAM,Private Bancorp of America Inc,24,Banks - Southwest,1395,134582000
PBIP,Prudential Bancorp,14.19,Finance - Savings & Loan,29865,113956000
PBNC,Pb Financial Corp,34.6,Banks - Northeast,380,293912000
PBPB,Potbelly Corp,6.05,Retail - Restaurants,250337,172178000
PBT,Permian Basin Royalty Trust,4.4,Oil - US Royalty Trusts,111686,196228000
PCB,Pacific City Finl Cp,15.34,Banks - Southwest,56062,234422000
PCM,Pimco Commercial Mortgage Securities,11.5,Finance - Investment Funds,17919,133352000
PCOA,Pendrell Corp,210000,Consulting,N/A,201600000
PCOM,Points Intl Ltd,15.55,Internet - Content,47256,208722000
PCSA,Processa Pharmaceuticals Inc,11.74,Medical - Drugs,68514,127426000
PCSB,Pcsb Financial Corp,17.39,Banks - Northeast,47179,266375000
PCTI,Pc-Tel Inc,7.09,Wireless Equipment,122964,129346000
PCYG,Park City Group,6.34,Computer - Software,54778,117158000
PDEX,Pro-Dex Inc,26.9,Medical - Dental Suppliers,34934,104120000
PDLB,Pdl Community Bancorp,11.07,Banks - Northeast,17114,184069000
PDS,Precision Drilling Corp,21.39,Oil & Gas - Drilling,138330,269140000
PDSB,Pds Biotechnology Corp,4.21,Medical - Biomedical,2901455,97953000
PEBK,Peoples Bancorp NC,24.35,Banks - Southeast,13005,139189000
PED,Pedevco Corp,1.49,Oil Field Machinery & Equip,1392290,119187000
PEI,Pennsylvania Real Estate Investment,1.98,REIT - Equity Trust Retail,2130014,156162000
PESI,Perma-Fix Envir,7.24,Pollution Controls,30693,87630000
PETZ,Tdh Holdings Inc,2.48,Food - Misc & Diversified,291233,111413000
PFBI,Premier Finl Bncp,17.94,Banks - Southeast,48524,250149000
PFBX,Peoples Finl Corp,17.01,Banks - Southeast,11885,83180000
PFHD,Professional Holding Corp,18.48,Banks - Southeast,36072,237796000
PFMT,Performant Financial,1.5,Business Services,576891,78948000
PFO,Flaherty & Crumrine Preferred Fund,13.09,Finance - Investment Funds,16277,166342000
PFSW,Pfsweb Inc,6.52,Business Services,99982,136674000
PFX,Phenixfin Corp Pr,33.51,Finance - SBIC & Commercial,4717,89310000
PHAS,Phasebio Pharmaceuticals Inc,3.42,Medical - Biomedical,1191737,96573000
PHGE,Biomx Ltd,7.18,Medical Products,40444,172028000
PHUN,Phunware Inc,1.62,Internet - Software,15773640,113564000
PIM,Putnam Master Intermediate Income,4.24,Finance - Investment Funds,126776,213404000
PINE,Alpine Income Property Trust Inc,16.62,REIT - Equity Trust Other,83613,123501000
PIPP,Pine Island Acquisition Corp Cl A,10.05,Unclassified,424892,273683000
PIRS,Pieris Pharma,2.6,Medical - Biomedical,517923,139928000
PKBK,Parke Bancorp Inc,20.52,Banks - Northeast,30775,238344000
PKE,Park Electrochemical Corp,13.76,Aerospace - Defense Equipment,84944,272902000
PKKFF,Peak Fintech Group Inc,2.2999,Technology Services,427725,263765000
PLBC,Plumas Bancorp,29.39,Banks - West,12999,152933000
PLBY,Plby Group Inc,17.91,Leisure & Recreational Prdcts,664683,140517000
PLG,Platinum Group Metals Ltd,3.8,Mining - Misc,714573,276895000
PLX,Protalix Biotherapeutics,4.83,Medical - Biomedical,545734,177304000
PLXP,Plx Pharma Inc,8.38,Medical - Drugs,708888,185190000
PMBC,Pacific Mercantile,9.05,Banks - West,289034,198862000
PME,Pingtan Marine,1.09,Transportation - Ship,678724,94188000
PMTS,CPI Card Group,15.74,Technology Services,49511,190910000
PMVC,Pmv Consumer Acquisition Corp Cl A,9.89,Unclassified,59063,210656000
PNRG,Primeenergy Cp,53.84,Oil - US Exploration & Product,2770,110079000
PNTM,Pontem Corporation Cl A,9.72,Unclassified,N/A,193456000
POETF,Poet Technologies Inc,0.85,Electronics - Semiconductors,220055,295643000
POLA,Polar Power Inc,11.92,Utility - Electric Power,712458,128519000
POW,Powered Brands Cl A,9.64,Unclassified,N/A,288600000
PPPS,Isocialy Inc,3.25,Internet - Software,265,185832000
PRKR,Parkervision Inc,1.29,Semi Radio Frequency,58373,97035000
PROG,Progenity Inc,4.43,Medical - Drugs,453674,248238000
PROV,Provident Financial,17.03,Finance - Savings & Loan,24795,126221000
PRPH,Prophase Labs Inc,6.5,Medical - Drugs,141147,102138000
PRQR,Proqr Therapeutics,8.19,Medical - Biomedical,8591187,284812000
PRT,Permrock Royalty Trust Trust Units,6.15,Oil - US Integrated,138051,81296000
PSBQ,Psb Hlds Inc [Wi],25.25,Banks - Northeast,1850,115198000
PSIX,Power Solutns Itl Cmn,7,Engines - Internal Combustion,2490,160237000
PSTI,Pluristem Therapeutc,4.6,Medical - Biomedical,549811,153231000
PSTL,Postal Realty Trust Cl A,17.24,REIT - Equity Trust Other,69375,156387000
PTK,Ptk Acquisition Corp,9.8,Unclassified,34377,139581000
PTMN,Portman Ridge Finance Corp,2.16,Finance - Investment Mgmt,481673,158661000
PTN,Palatin Technologies,0.783,Medical - Biomedical,3231755,159874000
PTRS,Partners Bancorp,7.52,Banks - Northeast,28521,131794000
PVAC,Penn VA Corp,14.15,Oil - US Exploration & Product,586909,211143000
PVBC,Provident Bancorp CS,14.35,Banks - Northeast,74788,260295000
PW,Power REIT,46.08,REIT - Equity Trust Other,37447,139601000
PWFL,Powerfleet Inc,8.94,Transportation - Services,232426,296091000
PWOD,Penns Woods Bancorp,24.58,Banks - Northeast,20236,167949000
PWON,Powin Corp,4.5,Other Alt Energy,1890,218250000
PXLW,Pixelworks Inc,3.37,Electronics - Semiconductors,752623,171777000
PYPD,Polypid Ltd,9.45,Medical - Drugs,53256,168585000
QEPC,Q.E.P. CO Inc,25,Tools - Hand Held,695,94847000
QK,Q&K International Group Ltd ADR,2.67,Technology Services,61972,124454000
QLI,Qilian International Holding Group Ltd,4.46,Medical - Drugs,116952,163020000
QNBC,Qnb Corp,34.3,Banks - Northeast,1955,122890000
QRHC,Quest Resource,4.29,Waste Removal Svcs,130311,77703000
QTMM,Quantum Matls Corp,0.1381,Nanotechnology,1888034,104907000
QTRHF,Quarterhill Inc,1.99,Technology Services,41478,215061000
QUAD,Quad Graphics Inc,4.03,Printing - Commercial,336630,225850000
QUBT,Quantum Computing Inc,6.85,Internet - Software,95599,210128000
QUIK,Quicklogic Corp,7.3,Electronics - Semiconductors,263853,77587000
QUMU,Qumu Corp,6.65,Computer - Storage Devices,91088,114270000
RACA,Therapeutics Acquisition Corp Cl A,10.7,Unclassified,155775,141393000
RACMF,Loop Insights Inc,1.1005,Technology Services,107895,141161000
RBAC,Redball Acquisition Corp Cl A,9.98,Unclassified,1022211,164975000
RBKB,Rhinebeck Bancorp Inc,10.44,Banks - Northeast,5027,115561000
RCAR,Renovacare Inc,2.7,Medical - Biomedical,7440,248080000
RCHG,Recharge Acquisition Corp Cl A,9.79,Unclassified,61548,244989000
RCON,Recon Technology Ltd,7.22,Oil Field Machinery & Equip,1515865,101487000
RDCM,Radcom Ltd,9.52,Computer - Networks,44160,132037000
RDI,Reading Intl Cl A,5.93,Leisure & Recreation Services,75667,132669000
RDVT,Red Violet Inc,19.01,Internet Software Services,60319,223626000
REDU,Rise Education Cayman Ltd ADR,4.66,Schools,31690,291474000
REEMF,Rare Element Res Ltd,2.49,Mining - Misc,323014,229614000
REFR,Research Frontiers,2.99,Electronics Products - Misc,186054,92101000
REI,Ring Energy Inc,2.48,Oil - US Exploration & Product,6791971,256881000
RELL,Richardson Electrncs,6.36,Electronics - Parts Distrib,49492,85588000
RENN,Renren Inc,10.07,Internet Services - Delivery,192960,229529000
REPH,Recro Pharma Inc,3.05,Medical - Drugs,391483,123250000
RESN,Resonant Inc,4.19,Semi Radio Frequency,1593147,245891000
RGCO,Rgc Resources Inc,22.25,Oil - Refining and Marketing,22003,186079000
RGLS,Regulus Therapeutics,1.52,Medical - Drugs,5931119,110208000
RICE,Rice Acquisition Corp Cl A,9.96,Unclassified,130184,294305000
RIVE,Riverview Financial Corp,10.7,Finance - Misc Services,8172,101131000
RLBD,Real Brands Inc,0.08,Consumer Prdts - Misc Discr,618632,201293000
RMBI,Richmond Mutual Bancorp Inc,13.82,Banks - Northeast,26123,177542000
RMBL,Rumbleon Inc,43.48,Internet - Services,173449,96627000
RMTI,Rockwell Medical IN,1.175,Medical Products,1843523,109480000
RNDB,Randolph Bancorp Inc,20.21,Banks - Northeast,12402,108998000
RNET,Rignet Inc,8.95,Wireless Non-US,204365,182209000
RNGR,Ranger Energy Services Inc Cl A,5.56,Oil - Field Services,10535,86285000
RNHEF,Renhe Commerical Hld,0.32,Real Estate Developers,5975,187814000
RNWK,Realnetworks Inc,4.52,Internet - Software,1332098,164891000
RPMT,Rego Payment Architectures Inc,0.775,Internet - Software,65537,96078000
RQHTF,Reliq Health Technologies Inc,0.5197,Technology Services,360449,85610000
RRD,Donnelley R.R. & Sons Company,4.09,Outsourcing,2076631,271366000
RRTS,Roadrunner Transportation Systems Inc,5.02,Transportation - Truck,21029,120500000
RTPZ,Reinvent Technology Partners Z Cl A,10.18,Unclassified,759273,293250000
RUHN,Ruhnn Holding Ltd ADR,3.27,Technology Services,95105,278547000
RVSB,Riverview Bancorp,7.16,Finance - Savings & Loan,82950,150158000
RWLK,Rewalk Roboti Ord Sh,2.32,Medical Instruments,3090726,105770000
RYB,Ryb Education Inc Aps,3.82,Schools,665181,98482000
SABK,South Atlantic Bancshares Inc,12.25,Banks - Southeast,4680,92228000
SACH,Sachem Capital Corp,5.22,Finance - Misc Services,234004,112616000
SAL,Salisbury Bancorp,44.97,Banks - Northeast,12875,124074000
SAMG,Silvercrest Ast Cm A,13.99,Finance - Investment Mgmt,45577,203463000
SANW,S&W Seed Company,3.65,Agriculture Operations,100950,131546000
SAR,Saratoga Investment Corp,24.55,Finance - SBIC & Commercial,47731,270426000
SB,Safe Bulkers Inc,2.64,Transportation - Ship,942398,262454000
SBBP,Strongbridge Bio Ord,2.72,Medical - Biomedical,1519663,186330000
SBFG,Sb Financial Group,18.95,Banks - Northeast,21605,136929000
SBKK,Suncrest Bank Visali,12.75,Finance - Consumer Loans,18208,156124000
SBOW,Silverbow Resources Inc,7.94,Oil - US Exploration & Product,71163,90124000
SBT,Sterling Bancorp Inc [Southfield Mi],5.75,Banks - Northeast,41166,274857000
SCM,Stellus Capital Investment Cor,12.66,Finance - SBIC & Commercial,86730,242016000
SCOR,Comscore Inc,3.66,Business Services,1195229,265255000
SCPE,SC Health Corp Cl A,10.13,Unclassified,562126,229271000
SCPH,SC Pharmaceuticals Inc,6.67,Medical - Biomedical,69774,180592000
SCPJ,Scope Industries 10,252,Pollution Controls,490,235318000
SCTY,Monitronics International Inc,7.3,Protection - Safety,14041,164025000
SCVX,Scvx Corp Cl A,9.88,Unclassified,211391,282325000
SCYX,Scynexis Inc,7.65,Medical - Drugs,469306,86426000
SCZC,Santa Cruz Cty Bk CA,50.7,Banks - West,2180,204400000
SD,Sandridge Energy Inc,4.01,Oil - US Integrated,605023,143095000
SDH,Global Internet of People Inc,3.88,Internet - Software,280507,98314000
SECO,Secoo Holding ADR,2.61,Internet Commerce,410456,194296000
SEED,Origin Agritech Ltd,21.21,Agriculture Operations,142124,127539000
SEEL,Seelos Therapeutics Inc,4.28,Medical - Biomedical,20655578,282013000
SFBC,Sound Financial,42.12,Banks - West,12765,111597000
SFDL,Security Federal Cor,32,Banks - Southeast,1420,104092000
SFE,Safeguard Scientifics,7.09,Finance - SBIC & Commercial,112967,146189000
SFUN,Fang Holdings Ltd,12.3,Business Services,6751,112265000
SGA,Saga Communications,22.6,Broadcast - Radio & TV,14464,131842000
SGAM,Seaport Global Acquisition Corp Cl A,9.88,Unclassified,68782,153281000
SGOC,Sgoco Group Ltd,1.97,Electronics - Misc Components,302103,188354000
SGQRF,Southgobi Resources Ltd,0.6313,Coal,N/A,149249000
SHBI,Shore Bancshares Inc,17.52,Banks - Northeast,106369,206073000
SHIP,Seanergy Maritime Hl,1.06,Transportation - Ship,12418807,165392000
SHSP,Sharpspring Inc,16.09,Internet - Software,178504,181477000
SIC,Select Interior Concepts Inc Cl A,7.21,Textile - Home Furnishings,91020,177812000
SIEB,Siebert Fin Cp,4.21,Finance - Investment Brokers,1160693,138897000
SINO,Sino-Global Shipping,6.16,Transportation - Services,5407839,102429000
SIOX,Sio Gene Therapies Inc,2.54,Medical - Biomedical,1500330,110565000
SIRC,Solar Integrated Roofing Corp,0.84,Solar,4034547,104006000
SJ,Scienjoy Holding Corp,7.45,Unclassified,4484,224137000
SJT,San Juan Basin Royalty Trust,3.98,Oil - US Royalty Trusts,95138,177584000
SLCR,Silver Crest Acquisition Corporation Cl A,9.66,Unclassified,N/A,98276000
SLCT,Select Bancorp Inc,11.75,Finance - Savings & Loan,49952,197908000
SLGG,Super League Gaming Inc,7.55,Gaming,28387195,155145000
SLGL,Sol-Gel Technologies Ltd,11.32,Medical - Generic Drugs,112045,231834000
SLNG,Stabilis Solutions Inc,6.7,Other Alt Energy,6984,118110000
SLNO,Soleno Therapeutics Inc,1.27,Medical - Drugs,4324666,107627000
SLS,Sellas Life Sciences Group Inc,8.24,Medical - Biomedical,815639,76926000
SMED,Sharps Compliance,13.54,Pollution Controls,119600,219609000
SMHI,Seacor Marine Holdings Inc,5.79,Transportation - Ship,131619,116617000
SMLP,Summit Midstream Partners LP,24.48,Oil Gas Prod Pipeline MLP,91606,152508000
SMTI,Sanara Medtech Inc,28.75,Medical Products,32057,181897000
SMTX,Smtc Corp,6.01,Electronics - Misc Components,118742,171084000
SNCR,Synchronoss Technolo,3.88,Internet - Software,464029,169140000
SND,Smart Sand Inc,2.59,Oil - Field Services,465977,107225000
SNFCA,Security Natl Finl,9.4,Insurance - Life,62977,186839000
SNWV,Sanuwave Health Inc,0.165,Medical Products,385421,81442000
SOCLF,Soco Intl Plc,0.3225,International E&P,11985,128199000
SOMC,Southern Michigan Bancorp,33.75,Banks - Northeast,4365,77669000
SPE,Special Opportunities Fund Inc,14.82,Finance - Investment Funds,46398,124625000
SPI,Spi Energy CO Ads,6.82,Solar,750015,153259000
SPOK,Spok Holdings Inc,10.68,Wireless National,98016,202212000
SPRT,Support.com Inc,4.78,Internet - Software,15871798,88751000
SQFL,Sql Technologies Corp,4,Electronics Products - Misc,N/A,252744000
SQNS,Sequans Communications S A,5.97,Electronics - Semiconductors,398650,205591000
SRAC,Stable Road Acquisition Corp Cl A,13.97,Aerospace - Defense,1381414,242724000
SREV,Servicesrce Intl Inc,1.55,Computer - Software,320618,152703000
SRGA,Surgalign Hldg Inc,2.3,Medical Services,1446270,178058000
SRL,Scully Royalty Ltd,8.3,Banks - Foreign,7512,105662000
SRRA,Sierra Oncology Inc,16.87,Medical - Drugs,74337,192792000
SRSA,Sarissa Capital Acquisition Corp Cl A,9.99,Unclassified,71000,250500000
SSBI,Summit State Bank,16.04,Banks - West,4437,101909000
SSSS,Sutter Rock Capital Corp,14.16,Finance - Investment Funds,438225,283616000
STCB,Starco Brands Inc,0.8,Consumer Prdts - Misc Discr,4207,127313000
STCN,Steel Connect Inc,1.8,IT Services,231001,118440000
STG,Sunlands Online Education Group ADR,1.15,Internet - Services,1718500,119047000
STKS,The One Group,8.19,Retail - Restaurants,247698,232960000
STON,Stonemor Partners LP,1.99,Consumer Services - Misc,2066206,241636000
STRS,Stratus Pptys Inc,30.3,Real Estate Operations,19316,259208000
STRT,Strattec Security,44.57,Auto - Truck Original Parts,29205,166908000
STSA,Satsuma Pharmaceuticals Inc,5.71,Medical - Biomedical,429450,95995000
SUIC,Sino United Worldwide Consolidated Ltd,3.58,Technology Services,48540,100500000
SUNS,Slr Senior Investment Corp,14.92,Finance - SBIC & Commercial,72538,239290000
SUP,Superior Industries International,6.25,Auto - Truck Original Parts,327513,154064000
SUPV,Grupo Supervielle S.A.,1.81,Banks - Foreign,748558,161672000
SVAC,Starboard Value Acquisition Corp Cl A,10,Unclassified,974458,120981000
SVBI,Severn Bancorp Inc,12.55,Banks - Northeast,186160,157265000
SVFA,Svf Investment Corp Cl A,10.1,Unclassified,506108,178498000
SVFB,Svf Investment Corp. 2 Cl A,10.09,Unclassified,N/A,262140000
SVOK,Seven Oaks Acquisition Corp Cl A,9.83,Unclassified,420984,272250000
SVRA,Savara Inc,1.65,Medical - Drugs,10057184,92201000
SWET,Athlon Acquisition Corp. Cl A,9.74,Unclassified,N/A,78992000
SWKH,Swk Holdings Corp,14.85,Finance - Misc Services,7252,183522000
SWZ,Swiss Helvetia Fund,8.79,Finance - Investment Funds,20266,116043000
SYBX,Synlogic Inc,3.73,Medical - Biomedical,553015,135156000
SYN,Synthetic Biologics Inc,0.6801,Medical - Biomedical,17443975,85948000
SYNC,Synacor Inc,2.19,Internet - Services,693321,86424000
SYNL,Synalloy Cp,8.71,Steel - Pipe & Tube,39637,80517000
TACA,Trepont Acquisition Corp I Cl A,9.85,Unclassified,149294,247000000
TACT,Transact Tech Inc,11.26,Computers - Peripheral Equpt,33851,103225000
TAOP,Taoping Inc,9.25,Internet - Services,840911,82850000
TARA,Artara Therapeutics Inc,14.89,Medical - Drugs,110553,183145000
TBNK,Territorial Bancorp,27.26,Banks - Northeast,41927,248788000
TC,Tuanche Ltd ADR,3.86,Internet Commerce,36069,76791000
TCDA,Tricida Inc,5.14,Medical - Drugs,745146,237654000
TCFC,The Community Fin Cp,35.73,Banks - Northeast,27599,204720000
TCI,Transcontinental Realty Investors,21.85,Real Estate Developers,2487,184951000
TCON,Tracon Pharma,7.96,Medical - Biomedical,366098,126618000
TDAC,Trident Acquisitions Corp,11.82,Unclassified,355172,147685000
TEDU,Tarena Intl ADR,3.02,Staffing,288766,167669000
TELA,Tela Bio Inc,14.55,Medical - Biomedical,28759,202048000
TGA,Transglobe Energy Cp,1.65,Oil - C$ Exploration & Product,435681,116067000
TGAN,Transphorm Inc,6.25,Electronics - Semiconductors,64676,265841000
TGMGF,Theta Gold Mines Ltd,0.215,Mining - Gold,47195,93717000
TGODF,Green Organic Dutchman,0.2327,Medical Products,1594216,126528000
TGRVF,Tian Ge Interactive Holdings Ltd,0.11,Internet - Software,N/A,140335000
TH,Target Hospitality Corp,2.33,Leisure & Recreation Services,326151,195260000
THCA,Tuscan Holdings Corp II,10.09,Unclassified,235633,192669000
THM,International Tower Hill Mines Ltd,1.09,Mining - Gold,299801,229991000
TIPT,Tiptree Fncl Cl A,8.87,Insurance - Brokers,172721,247289000
TISI,Team Inc,9.85,Building - Maint & Service,201576,298860000
TLC,Taiwan Liposome Company Ltd ADR,5.48,Medical - Drugs,21109,226795000
TLIS,Talis Biomedical Corp,11.51,Medical - Biomedical,430593,283169000
TLSA,Tiziana Life Sciences Plc ADR,2.68,Medical - Biomedical,248141,175321000
TMDI,Titan Medical Inc,1.78,Medical Instruments,1630511,189478000
TMKR,Tastemaker Acquisition Corp. Cl A,9.73,Unclassified,N/A,290700000
TMPM,Turmeric Acquisition Corp Cl A,9.88,Unclassified,60432,124066000
TMQ,Trilogy Metals Inc,2.16,Mining - Misc,327398,299965000
TMTS,Spartacus Acquisition Corporation Cl A,9.95,Unclassified,85230,197200000
TNP,Tsakos Energy Navigation Ltd,10,Transportation - Ship,123035,181988000
TOBAF,Taat Lifestyle & Wellness Ltd,3.08,Consumer Prdts - Misc Discr,318967,293618000
TOPS,Top Ships Inc,2.06,Transportation - Ship,2703581,81257000
TRCH,Torchlight Energy,1.85,Oil - US Exploration & Product,18651121,281909000
TREC,Trecora Resources,7.86,Chemical - Diversified,160752,190236000
TREVF,Trevali Res Corp,0.151,Mining - Misc,148025,121588000
TRIB,Trinity Bio ADR,3.26,Medical Products,341756,86743000
TRIT,Triterras Inc Cl A,7.11,Financial Transaction Services,1388438,228080000
TRTC,Terra Tech Corp,0.3798,Machinery - Farm,1386049,79604000
TRUX,Truxton Corp,51.5,Banks - Southeast,700,144360000
TRVN,Trevena Inc,1.83,Medical - Biomedical,3329527,285455000
TRX,Tanzanian Royalty Exploration Corp,0.592,Mining - Gold,2574158,149533000
TSBK,Timberland Bancorp,28.92,Finance - Savings & Loan,31081,226953000
TSI,Tcw Strategic,5.7,Finance - Investment Funds,122970,272630000
TSQ,Townsquare Media Llc,10.29,Broadcast - Radio & TV,131661,193196000
TTOO,T2 Biosystems CS,1.61,Medical Instruments,6969890,229332000
TUEM,Tuesday Morning Corp,3.03,Consumer Prdts - Misc Staple,223093,143027000
TURN,180 Degree Capital Corp,7.35,Engineering & R&D Services,55209,76456000
TUSK,Mammoth Energy Services Inc,5.33,Oil - Field Services,215492,227014000
TVAC,Thayer Ventures Acquisition Corporation Cl A,9.97,Unclassified,74689,212288000
TWCT,Twc Tech Holdings II Corp Cl A,9.86,Unclassified,401488,170145000
TWIN,Twin Disc Inc,9.03,Machinery - General Industrial,47959,122250000
TWN,Taiwan Fund,27.47,Finance - Investment Funds,8131,201212000
TYME,Tyme Technologies,1.8,Medical - Drugs,3286671,234769000
TZOO,Travelzoo Inc,16.38,Internet Commerce,82548,177567000
UAMY,U S Antimony Corp,1.12,Mining - Non Ferrous,7315272,101909000
UBAB,United Bancorp Ala,28,Banks - Southeast,3215,101112000
UBCP,United Bncp Inc,14.32,Banks - Midwest,8977,82940000
UBFO,United Security Bcsh,8.32,Banks - West,51329,136590000
UBOH,United Bancshares,26.98,Banks - Midwest,12002,85314000
UCL,Ucloudlink Group Inc ADR,12.19,Business Information,9794,283239000
UEEC,United Health Products Inc,1.05,Medical Products,76207,240284000
UGRO,Urban-Gro Inc,7.79,Machinery - Farm,333381,82413000
UK,Ucommune Intl Ltd,3.01,Real Estate Operations,167653,228573000
ULBI,Ultralife Corp,8.57,Electronics - Misc Components,123618,119381000
UNB,Union Bankshares Inc,29.03,Banks - Northeast,5634,129262000
UNTY,Unity Bancorp Inc,21.88,Banks - Northeast,45574,217237000
UONE,Urban One Inc,5.3,Broadcast - Radio & TV,960445,256884000
UONEK,Urban One Inc,1.78,Broadcast - Radio & TV,579171,81172000
URG,Ur Energy Inc,1.23,Mining - Misc,4396275,215313000
USAK,U S A Truck Inc,15.8,Transportation - Truck,210136,135012000
USAP,Universal Stainles,10.2,Steel - Producers,27882,83063000
USAS,Americas Silver Corp,2.1,Mining - Misc,1215866,296655000
USDP,USD Partners LP,6.46,Transportation - Rail,143605,152273000
USIO,Usio Inc,6.62,Financial Transaction Services,192408,150973000
USWS,U.S. Well Services Inc,1.09,Oil - Field Services,3060232,87615000
UTGN,Utg Inc,26.51,Insurance - Life,286,84140000
UTI,Universal Technical Institute Inc,5.76,Schools,156507,185308000
VALU,Value Line Inc,28.1,Finance - Investment Mgmt,4194,260322000
VBF,Invesco Van Kampen Bond Fund,19.47,Finance - Investment Funds,33690,221933000
VBLT,Vascular Biogen. Ord,2.03,Medical - Biomedical,408831,93399000
VCKA,Vickers Vantage Corp. I,9.91,Unclassified,N/A,147750000
VEL,Velocity Financial Inc,8.89,Finance - Mortgage & Rel Svs,46661,183458000
VERB,Verb Technology Company Inc,1.48,Internet - Software,1916031,75612000
VERO,Venus Concept Inc,2.37,Medical Instruments,438548,127987000
VERY,Vericity Inc,11,Insurance - Life,4459,136850000
VGZ,Vista Gold Corp,1.06,Mining - Gold,422883,105446000
VHAQ,Viveon Health Acquisition Corp,9.92,Unclassified,120596,245271000
VIAO,Via Optronics Ag ADR,13.14,Electronics - Misc Components,19861,269875000
VINC,Vincera Pharma Inc,19.02,Medical - Biomedical,136145,157612000
VISL,Vislink Technologies Inc,3.2,Communication Network Software,9634524,146508000
VIST,Vista Oil & Gas S.A.B. DE C.V.,2.62,Oil - International Integrated,593799,242702000
VJET,Voxeljet Ag,14.72,Computers - Peripheral Equpt,120858,85559000
VLT,Invesco High,13.89,Finance - Investment Funds,19120,89772000
VMAC,Vistas Media Acquisition Company Inc Cl A,9.95,Unclassified,198658,137194000
VMM,Delaware Minnesota Muni II,13.15,Finance - Investment Funds,9406,151406000
VNCE,Vince Holding Corp,11.52,Textile - Apparel,15878,126045000
VNRX,Volitionrx Ltd,3.5,Medical - Biomedical,433625,189278000
VOLT,Volt Information Services Inc,3.91,Business Services,176842,82601000
VQSLF,Viq Solutions Inc,5.1,Technology Services,5400,131343000
VRNA,Verona Pharma Plc ADR,8.35,Medical - Biomedical,87980,108225000
VS,Versus Systems Inc,7.95,Internet - Software,63869,89736000
VTGN,Vistagen Therap. Com,2.15,Medical - Biomedical,2058873,299581000
VTN,Invesco Trust New York Muni,12.87,Finance - Investment Funds,21128,250487000
VTVT,Vtv Theraptcs Cl A,2.61,Medical - Biomedical,1321822,210483000
VVOS,Vivos Therapeutics Inc,6.91,Medical - Drugs,101306,122432000
VVPR,Vivopower International Plc,8.59,Solar,254770,110995000
VWTR,Vidler Water Resources Inc,9.07,Utility - Water Supply,99316,163390000
VYGR,Voyager Therapeut,4.82,Medical - Biomedical,561432,173585000
WANSF,Wandisco Plc,6.6,Technology Services,34460,268970000
WATT,Energous Corp,3.93,Machinery - Electrical,4224102,166160000
WBBW,Westbury Bancorp,28.5001,Banks - Northeast,1624,79386000
WEBB,Webb Interactive Services Inc,0.06,Technology Services,502925,245604000
WEBC,Webco Industries,110,Steel - Pipe & Tube,1945,95919000
WEI,Weidai Ltd ADR,1.495,Finance - Consumer Loans,521257,104262000
WEYS,Weyco Gp Inc,22.87,Shoes and Related Apparel,37887,212273000
WFCF,Where Food Comes From Inc,13.1,Consumer Services - Misc,4555,84392000
WHG,Westwood Holdings Group Inc,15.06,Finance - Investment Mgmt,51201,125372000
WKEY,Wisekey International Holding Ltd ADR,15.24,Protection - Safety,12052118,274517000
WLFC,Willis Lease Fin C,42.92,Transportation - Equip & Lease,22239,255133000
WLMS,Williams Industrial Services Group Inc,3.27,Building & Construction - Misc,121317,83611000
WMC,Western Asset Mortgage Capital,3.28,REIT - Mortgage Trusts,919285,197642000
WNEB,Western New England Bancorp Inc,8.59,Banks - Foreign,128157,200079000
WNW,Wunong Net Technology Company Limited,10.09,Internet Commerce,1877778,247750000
WRAP,Wrap Technologies Inc,5.55,Protection - Safety,320751,193495000
WRN,Western Copper Corp,1.32,Mining - Misc,552988,181902000
WSTG,Wayside Technology,25.2,Retail - Mail Order,23721,110691000
WTER,Alkaline Water Company Inc,1.13,Beverages - Soft,1261636,86976000
WWR,Westwater Resources,5.21,Mining - Misc,4910408,158242000
WYY,Widepoint Corp,9.66,Computer - Services,145931,88055000
XAIR,Beyond Air Inc,5.32,Medical - Biomedical,326902,107147000
XCUR,Exicure Inc,2.19,Medical - Biomedical,817048,182077000
XELA,Exela Technologies Inc,2.36,Technology Services,33604727,129732000
XERS,Xeris Pharmaceuticals Inc,4.36,Medical - Drugs,3420275,254001000
XFOR,X4 Pharmaceuticals Inc,9.15,Medical - Biomedical,122512,151241000
XGN,Exagen Inc,17.59,Medical Products,97506,228187000
XIN,Xinyuan Real Estate CO Ltd,2.76,Real Estate Developers,136972,154263000
XPHYF,Xphyto Therapeutics Corp,2.2942,Medical - Drugs,61358,140686000
XSPA,Xpresspa Group Inc,1.77,Medical Services,8757305,116093000
XTNT,Xtant Medical Holdings Inc,2.46,Medical Instruments,1175039,188320000
XYF,X Financial,3.44,Finance - Misc Services,145498,211428000
XYNO,Xynomic Pharmaceuticals Holdings Inc,2.08,Medical - Biomedical,1275,96250000
YAYO,Yayyo Inc,3.3,Transportation - Services,168544,108735000
YBGJ,Yubo Intl Biotech Ltd,1.31,Medical Instruments,6620,171364000
YCBD,Cbdmd Inc,3.86,Advertising Marketing Services,609835,197122000
YRIV,Yangtze River Port and Logistics Ltd,0.084,Real Estate Developers,133845,109513000
YSAC,Yellowstone Acquisition Company Cl A,9.99,Unclassified,75694,168970000
YTRA,Yatra Online Inc,2.39,Internet - Services,447875,141276000
ZDGE,Zedge Inc Cl B,12.11,Internet - Content,644731,162717000
ZENYF,Zenyatta Ventures,2.0396,Mining - Misc,66994,182373000
ZEUS,Olympic Steel Inc,28.93,Steel - Producers,168165,271448000
ZGYH,Yunhong International Cl A,9.99,Unclassified,51317,89177000
ZKIN,Zk International Group CO Ltd,9.8,Steel - Producers,10101406,224254000
ZNOG,Zion Oil & Gas Inc,0.69,Oil - US Exploration & Product,488679,167443000
ZNTE,Zanite Acquisition Corp Cl A,10.05,Unclassified,889717,286350000
ZSAN,Zosano Pharma,1.16,Medical - Biomedical,4525763,120108000
ZVO,Zovio Inc,4.69,Technology Services,313380,146724000
ZYNE,Zynerba Pharma CS,4.62,Medical - Generic Drugs,2286407,188934000